ID	GeneID	geneSymbol	InPanelApp	chr	strand	exonStart_0base	exonEnd	upstreamES	upstreamEE	downstreamES	downstreamEE	ID	IJC_SAMPLE_1	SJC_SAMPLE_1	IJC_SAMPLE_2	SJC_SAMPLE_2	IncFormLen	SkipFormLen	PValue	FDR	IncLevel1	IncLevel2	IncLevelDifference
238851	ENSG00000135506	OS9	False	chr12	+	57720100	57720263	57718992	57719182	57720405	57720518	238851	38,54,62	186,157,395	69,59,75,76,62,73,153,95,78,73,77,93,70,81,137,102,130,80,62,68,122,46,106,80,67,76,92,105,80,63,68,61,105,71,87,139,69,52,82,60,92,106,57,50,84,76,83,76,98	84,146,128,115,116,163,236,82,121,113,136,163,155,106,190,143,185,199,176,120,204,137,190,170,148,164,112,158,143,122,204,80,207,106,144,177,129,101,143,170,175,223,115,175,154,168,95,126,143	150	75	0	0	0.093,0.147,0.073	0.291,0.168,0.227,0.248,0.211,0.183,0.245,0.367,0.244,0.244,0.221,0.222,0.184,0.276,0.265,0.263,0.26,0.167,0.15,0.221,0.23,0.144,0.218,0.19,0.185,0.188,0.291,0.249,0.219,0.205,0.143,0.276,0.202,0.251,0.232,0.282,0.211,0.205,0.223,0.15,0.208,0.192,0.199,0.125,0.214,0.184,0.304,0.232,0.255	-0,117
238853	ENSG00000135506	OS9	False	chr12	+	57720103	57720263	57718992	57719182	57720405	57720518	238853	38,54,62	186,157,395	68,59,75,76,62,73,153,95,78,73,77,93,70,81,137,102,130,80,62,67,122,46,106,80,67,76,92,105,80,63,68,61,105,71,87,139,69,52,82,59,92,106,57,50,84,76,83,76,97	84,146,128,115,116,163,236,82,121,113,136,163,155,106,190,143,185,199,176,120,204,137,190,170,148,164,112,158,143,122,204,80,207,106,144,177,129,101,143,170,175,223,115,175,154,168,95,126,143	150	75	0	0	0.093,0.147,0.073	0.288,0.168,0.227,0.248,0.211,0.183,0.245,0.367,0.244,0.244,0.221,0.222,0.184,0.276,0.265,0.263,0.26,0.167,0.15,0.218,0.23,0.144,0.218,0.19,0.185,0.188,0.291,0.249,0.219,0.205,0.143,0.276,0.202,0.251,0.232,0.282,0.211,0.205,0.223,0.148,0.208,0.192,0.199,0.125,0.214,0.184,0.304,0.232,0.253	-0,117
287480	ENSG00000067829	IDH3G	False	chrX	-	153786800	153786970	153785766	153786449	153787050	153787153	287480	573,544,967	77,47,179	477,464,495,583,641,608,800,646,893,539,718,642,567,563,732,565,988,686,654,621,712,487,628,737,604,471,641,623,436,687,792,553,600,622,570,743,495,558,477,460,746,717,545,563,651,668,602,574,482	15,20,12,23,38,38,47,30,49,26,18,18,39,18,20,19,49,59,58,40,58,20,42,42,30,23,22,23,22,39,40,34,49,22,24,32,22,28,26,29,37,50,34,26,24,23,23,19,12	150	75	0	0	0.788,0.853,0.73	0.941,0.921,0.954,0.927,0.894,0.889,0.895,0.915,0.901,0.912,0.952,0.947,0.879,0.94,0.948,0.937,0.91,0.853,0.849,0.886,0.86,0.924,0.882,0.898,0.91,0.911,0.936,0.931,0.908,0.898,0.908,0.89,0.86,0.934,0.922,0.921,0.918,0.909,0.902,0.888,0.91,0.878,0.889,0.915,0.931,0.936,0.929,0.938,0.953	-0,121
129784	ENSG00000231925	TAPBP	False	chr6	-	33304127	33304217	33299693	33301771	33304296	33304638	129784	820,602,1158	142,80,101	917,1193,1149,933,1121,969,874,822,1261,896,807,806,858,900,1343,995,1122,1372,1125,924,694,949,1111,1095,764,1244,870,842,900,941,1096,745,676,847,581,1475,920,1025,864,977,627,808,1058,978,925,621,996,768,836	18,26,23,10,59,35,35,36,65,23,12,121,42,29,37,87,14,50,49,49,108,26,40,32,48,30,13,13,49,31,70,40,24,10,17,70,23,20,32,57,49,24,33,32,21,31,14,48,22	150	75	0	0	0.743,0.79,0.851	0.962,0.958,0.962,0.979,0.905,0.933,0.926,0.919,0.907,0.951,0.971,0.769,0.911,0.939,0.948,0.851,0.976,0.932,0.92,0.904,0.763,0.948,0.933,0.945,0.888,0.954,0.971,0.97,0.902,0.938,0.887,0.903,0.934,0.977,0.945,0.913,0.952,0.962,0.931,0.896,0.865,0.944,0.941,0.939,0.957,0.909,0.973,0.889,0.95	-0,132
359882	ENSG00000231925	TAPBP	False	chr6	-	33303934	33304217	33301759	33301771	33304296	33304638	359882	776,576,1115	142,80,101	899,1178,1126,914,1087,942,847,792,1221,879,797,791,827,885,1308,973,1108,1328,1080,885,660,930,1074,1074,727,1219,860,835,856,920,1048,729,657,835,569,1428,913,1003,847,935,600,790,1034,949,914,605,984,759,824	18,26,23,10,59,35,35,36,65,23,12,121,42,29,37,87,14,50,49,49,108,26,40,32,48,30,13,13,49,31,70,40,24,10,17,70,23,20,32,57,49,24,33,32,21,31,14,48,22	150	75	0	0	0.732,0.783,0.847	0.961,0.958,0.961,0.979,0.902,0.931,0.924,0.917,0.904,0.95,0.971,0.766,0.908,0.938,0.946,0.848,0.975,0.93,0.917,0.9,0.753,0.947,0.931,0.944,0.883,0.953,0.971,0.97,0.897,0.937,0.882,0.901,0.932,0.977,0.944,0.911,0.952,0.962,0.93,0.891,0.86,0.943,0.94,0.937,0.956,0.907,0.972,0.888,0.949	-0,137
359899	ENSG00000231925	TAPBP	False	chr6	-	33304093	33304217	33301759	33301771	33304296	33304638	359899	776,576,1115	142,80,101	899,1178,1126,914,1087,942,847,792,1221,879,797,791,828,885,1308,973,1108,1329,1080,885,661,930,1074,1074,727,1219,859,835,856,920,1048,729,657,835,569,1428,913,1003,847,935,600,790,1034,949,914,605,984,759,824	18,26,23,10,59,35,35,36,65,23,12,121,42,29,37,87,14,50,49,49,108,26,40,32,48,30,13,13,49,31,70,40,24,10,17,70,23,20,32,57,49,24,33,32,21,31,14,48,22	150	75	0	0	0.732,0.783,0.847	0.961,0.958,0.961,0.979,0.902,0.931,0.924,0.917,0.904,0.95,0.971,0.766,0.908,0.938,0.946,0.848,0.975,0.93,0.917,0.9,0.754,0.947,0.931,0.944,0.883,0.953,0.971,0.97,0.897,0.937,0.882,0.901,0.932,0.977,0.944,0.911,0.952,0.962,0.93,0.891,0.86,0.943,0.94,0.937,0.956,0.907,0.972,0.888,0.949	-0,137
341283	ENSG00000077150	NFKB2	False	chr10	+	102395731	102395796	102394109	102394600	102395887	102395980	341283	17,18,19	75,122,160	51,43,63,41,60,46,69,60,81,68,35,71,64,52,71,75,64,53,51,64,51,62,85,42,54,78,74,54,78,45,82,31,47,31,31,89,50,46,89,91,50,35,60,35,36,69,57,54,59	102,57,115,74,103,129,143,84,105,135,93,102,140,46,113,107,83,70,115,124,105,95,133,130,158,186,63,170,170,100,195,76,104,75,77,156,58,114,91,121,239,65,124,118,82,236,84,89,121	140	75	0	0	0.108,0.073,0.06	0.211,0.288,0.227,0.229,0.238,0.16,0.205,0.277,0.292,0.213,0.168,0.272,0.197,0.377,0.252,0.273,0.292,0.289,0.192,0.217,0.206,0.259,0.255,0.148,0.155,0.183,0.386,0.145,0.197,0.194,0.184,0.179,0.195,0.181,0.177,0.234,0.316,0.178,0.344,0.287,0.101,0.224,0.206,0.137,0.19,0.135,0.267,0.245,0.207	-0,144
181154	ENSG00000123349	PFDN5	False	chr12	+	53295838	53296275	53295478	53295639	53297849	53297924	181154	713,667,1112	208,176,338	707,855,930,767,1015,840,933,892,1159,954,1262,971,895,799,1438,850,1764,1099,819,1009,893,839,1085,1379,939,845,1057,1054,966,935,922,725,984,1210,827,1049,1009,820,925,916,1040,1261,941,1168,1030,968,891,993,813	67,97,166,91,146,132,173,123,151,135,144,119,136,93,177,118,217,152,90,124,144,113,139,173,147,134,162,171,126,144,130,95,155,111,128,139,139,101,146,116,178,164,127,132,142,141,120,121,135	150	75	0	0	0.632,0.655,0.622	0.841,0.815,0.737,0.808,0.777,0.761,0.729,0.784,0.793,0.779,0.814,0.803,0.767,0.811,0.802,0.783,0.803,0.783,0.82,0.803,0.756,0.788,0.796,0.799,0.762,0.759,0.765,0.755,0.793,0.765,0.78,0.792,0.76,0.845,0.764,0.791,0.784,0.802,0.76,0.798,0.745,0.794,0.787,0.816,0.784,0.774,0.788,0.804,0.751	-0,149
181157	ENSG00000123349	PFDN5	False	chr12	+	53296218	53296275	53295524	53295639	53297849	53297924	181157	362,291,522	208,176,338	277,384,442,326,420,366,412,413,499,457,536,438,473,407,653,390,706,532,384,514,390,408,506,595,429,415,459,463,468,423,492,314,435,502,347,446,453,348,429,434,467,514,424,510,425,397,403,422,397	67,97,166,91,146,132,173,123,151,135,144,119,136,93,177,118,217,152,90,124,144,113,139,173,147,134,162,171,126,144,130,95,155,111,128,139,139,101,146,116,178,164,127,132,142,141,120,121,135	132	75	0	0	0.497,0.484,0.467	0.701,0.692,0.602,0.671,0.62,0.612,0.575,0.656,0.652,0.658,0.679,0.677,0.664,0.713,0.677,0.653,0.649,0.665,0.708,0.702,0.606,0.672,0.674,0.661,0.624,0.638,0.617,0.606,0.678,0.625,0.683,0.653,0.615,0.72,0.606,0.646,0.649,0.662,0.625,0.68,0.599,0.64,0.655,0.687,0.63,0.615,0.656,0.665,0.626	-0,169
181159	ENSG00000123349	PFDN5	False	chr12	+	53296243	53296275	53295508	53295639	53297849	53297924	181159	331,278,514	208,176,338	267,376,437,316,412,359,404,404,490,437,522,426,463,402,647,384,691,521,381,496,383,404,496,584,408,398,438,446,454,414,480,307,415,498,339,434,441,339,423,422,465,506,413,495,421,392,398,399,388	67,97,166,91,146,132,173,123,151,135,144,119,136,93,177,118,217,152,90,124,144,113,139,173,147,134,162,171,126,144,130,95,155,111,128,139,139,101,146,116,178,164,127,132,142,141,120,121,135	107	75	0	0	0.527,0.525,0.516	0.736,0.731,0.649,0.709,0.664,0.656,0.621,0.697,0.695,0.694,0.718,0.715,0.705,0.752,0.719,0.695,0.691,0.706,0.748,0.737,0.651,0.715,0.714,0.703,0.66,0.676,0.655,0.646,0.716,0.668,0.721,0.694,0.652,0.759,0.65,0.686,0.69,0.702,0.67,0.718,0.647,0.684,0.695,0.724,0.675,0.661,0.699,0.698,0.668	-0,17
429252	ENSG00000123349	PFDN5	False	chr12	+	53295838	53295948	53295290	53295639	53297849	53299100	429252	369,382,610	208,176,338	428,476,490,443,598,476,523,481,663,499,727,533,426,395,789,461,1058,572,439,503,504,435,584,788,512,427,602,593,501,515,437,413,545,707,481,605,559,471,499,487,574,750,521,664,605,575,489,574,414	67,97,166,91,146,132,173,123,151,135,144,119,136,93,177,118,217,152,90,124,144,113,139,173,147,134,162,171,126,144,130,95,155,111,128,139,139,101,146,116,178,164,127,132,142,141,120,121,135	150	75	0	0	0.47,0.52,0.474	0.762,0.71,0.596,0.709,0.672,0.643,0.602,0.662,0.687,0.649,0.716,0.691,0.61,0.68,0.69,0.661,0.709,0.653,0.709,0.67,0.636,0.658,0.677,0.695,0.635,0.614,0.65,0.634,0.665,0.641,0.627,0.685,0.637,0.761,0.653,0.685,0.668,0.7,0.631,0.677,0.617,0.696,0.672,0.716,0.681,0.671,0.671,0.703,0.605	-0,18
181151	ENSG00000123349	PFDN5	False	chr12	+	53295838	53295941	53295290	53295639	53297849	53297924	181151	368,382,611	208,176,338	430,478,491,443,598,480,526,483,667,507,728,537,428,401,793,466,1062,576,440,503,506,437,587,793,515,429,606,602,504,516,438,414,548,714,486,614,565,473,501,489,579,754,524,664,607,577,490,575,419	67,97,166,91,146,132,173,123,151,135,144,119,136,93,177,118,217,152,90,124,144,113,139,173,147,134,162,171,126,144,130,95,155,111,128,139,139,101,146,116,178,164,127,132,142,141,120,121,135	150	75	0	0	0.469,0.52,0.475	0.762,0.711,0.597,0.709,0.672,0.645,0.603,0.663,0.688,0.653,0.717,0.693,0.611,0.683,0.691,0.664,0.71,0.655,0.71,0.67,0.637,0.659,0.679,0.696,0.637,0.615,0.652,0.638,0.667,0.642,0.628,0.685,0.639,0.763,0.655,0.688,0.67,0.701,0.632,0.678,0.619,0.697,0.674,0.716,0.681,0.672,0.671,0.704,0.608	-0,182
429246	ENSG00000123349	PFDN5	False	chr12	+	53295838	53295891	53295290	53295639	53297849	53299100	429246	287,311,491	208,176,338	325,383,414,367,461,367,426,416,533,384,597,450,360,320,654,361,856,458,365,435,404,341,483,638,426,320,512,486,369,408,351,324,435,585,377,512,465,369,429,386,466,587,408,523,479,463,413,455,330	67,97,166,91,146,132,173,123,151,135,144,119,136,93,177,118,217,152,90,124,144,113,139,173,147,134,162,171,126,144,130,95,155,111,128,139,139,101,146,116,178,164,127,132,142,141,120,121,135	128	75	0	0	0.447,0.509,0.46	0.74,0.698,0.594,0.703,0.649,0.62,0.591,0.665,0.674,0.625,0.708,0.689,0.608,0.668,0.684,0.642,0.698,0.638,0.704,0.673,0.622,0.639,0.671,0.684,0.629,0.583,0.649,0.625,0.632,0.624,0.613,0.666,0.622,0.755,0.633,0.683,0.662,0.682,0.633,0.661,0.605,0.677,0.653,0.699,0.664,0.658,0.669,0.688,0.589	-0,184
210584	ENSG00000178921	PFAS	False	chr17	+	8264469	8264553	8264211	8264337	8264894	8265125	210584	131,119,227	15,8,19	87,77,118,93,85,121,70,90,142,121,53,103,114,48,151,107,106,64,87,83,114,101,106,93,95,126,86,89,110,90,87,75,78,61,67,133,109,113,60,128,182,50,86,83,53,163,97,85,66	3,0,0,0,2,8,4,0,4,0,2,1,1,0,2,0,3,0,6,4,7,1,5,2,9,2,2,0,0,0,0,0,4,2,4,6,5,2,0,2,5,3,0,0,0,3,0,0,0	150	75	1,11E-16	9,31E-13	0.814,0.881,0.857	0.935,1.0,1.0,1.0,0.955,0.883,0.897,1.0,0.947,1.0,0.93,0.981,0.983,1.0,0.974,1.0,0.946,1.0,0.879,0.912,0.891,0.981,0.914,0.959,0.841,0.969,0.956,1.0,1.0,1.0,1.0,1.0,0.907,0.938,0.893,0.917,0.916,0.966,1.0,0.97,0.948,0.893,1.0,1.0,1.0,0.964,1.0,1.0,1.0	-0,109
893	ENSG00000142207	URB1	False	chr21	-	32321800	32321944	32320530	32320640	32322477	32322584	893	215,104,233	0,29,27	126,110,140,157,171,134,128,118,152,162,61,95,154,89,177,137,166,100,180,125,160,150,161,151,158,192,148,159,149,161,137,91,141,84,120,133,184,144,146,164,190,89,154,139,91,154,130,142,101	0,0,0,8,0,21,1,0,0,0,0,0,0,0,0,0,0,0,0,0,8,7,0,0,0,0,0,0,0,0,0,0,1,0,0,4,0,0,0,0,10,0,0,0,6,0,0,0,4	150	75	3,33E-16	2,56E-12	1.0,0.642,0.812	1.0,1.0,1.0,0.908,1.0,0.761,0.985,1.0,1.0,1.0,1.0,1.0,1.0,1.0,1.0,1.0,1.0,1.0,1.0,1.0,0.909,0.915,1.0,1.0,1.0,1.0,1.0,1.0,1.0,1.0,1.0,1.0,0.986,1.0,1.0,0.943,1.0,1.0,1.0,1.0,0.905,1.0,1.0,1.0,0.883,1.0,1.0,1.0,0.927	-0,164
195534	ENSG00000076928	ARHGEF1	False	chr19	+	41897314	41897469	41896376	41896482	41898441	41898587	195534	23,26,74	99,96,165	60,55,85,54,59,85,79,53,104,104,65,80,124,74,89,83,119,98,43,86,99,50,115,93,59,85,85,137,87,53,87,47,97,80,61,113,74,48,99,92,88,37,52,47,59,54,108,89,96	71,106,98,51,66,75,115,121,101,80,57,126,74,112,115,121,122,70,57,79,95,62,104,64,92,85,118,81,68,52,85,93,84,94,56,127,79,81,76,86,126,73,96,57,42,110,124,82,92	150	75	1,11E-15	7,58E-12	0.104,0.119,0.183	0.297,0.206,0.302,0.346,0.309,0.362,0.256,0.18,0.34,0.394,0.363,0.241,0.456,0.248,0.279,0.255,0.328,0.412,0.274,0.352,0.343,0.287,0.356,0.421,0.243,0.333,0.265,0.458,0.39,0.338,0.339,0.202,0.366,0.299,0.353,0.308,0.319,0.229,0.394,0.348,0.259,0.202,0.213,0.292,0.413,0.197,0.303,0.352,0.343	-0,178
395473	ENSG00000094914	AAAS	AAAS	chr12	-	53314750	53314843	53314297	53314441	53315093	53315782	395473	239,202,485	23,25,39	237,266,237,245,265,219,287,255,308,263,208,275,253,245,306,226,358,226,226,220,307,285,219,299,227,311,209,290,230,271,208,214,198,262,187,309,232,283,174,243,330,236,237,258,228,257,278,245,208	9,5,10,2,5,13,8,6,11,10,10,10,13,4,12,7,4,9,9,11,10,6,6,10,11,8,5,4,5,7,9,8,10,5,5,11,10,8,4,5,12,4,5,6,8,13,7,4,12	150	75	1,33E-15	8,78E-12	0.839,0.802,0.861	0.929,0.964,0.922,0.984,0.964,0.894,0.947,0.955,0.933,0.929,0.912,0.932,0.907,0.968,0.927,0.942,0.978,0.926,0.926,0.909,0.939,0.96,0.948,0.937,0.912,0.951,0.954,0.973,0.958,0.951,0.92,0.93,0.908,0.963,0.949,0.934,0.921,0.946,0.956,0.96,0.932,0.967,0.96,0.956,0.934,0.908,0.952,0.968,0.897	-0,107
395474	ENSG00000094914	AAAS	AAAS	chr12	-	53314750	53314848	53314297	53314441	53315093	53315782	395474	239,202,485	23,25,39	237,266,236,245,265,219,287,254,308,263,208,274,253,245,306,226,356,226,226,219,307,285,219,299,227,311,209,290,230,271,208,214,198,261,187,309,232,283,174,243,329,236,236,258,228,258,278,245,208	9,5,10,2,5,13,8,6,11,10,10,10,13,4,12,7,4,9,9,11,10,6,6,10,11,8,5,4,5,7,9,8,10,5,5,11,10,8,4,5,12,4,5,6,8,13,7,4,12	150	75	1,44E-15	9,34E-12	0.839,0.802,0.861	0.929,0.964,0.922,0.984,0.964,0.894,0.947,0.955,0.933,0.929,0.912,0.932,0.907,0.968,0.927,0.942,0.978,0.926,0.926,0.909,0.939,0.96,0.948,0.937,0.912,0.951,0.954,0.973,0.958,0.951,0.92,0.93,0.908,0.963,0.949,0.934,0.921,0.946,0.956,0.96,0.932,0.967,0.959,0.956,0.934,0.908,0.952,0.968,0.897	-0,107
195672	ENSG00000012061	ERCC1	ERCC1	chr19	-	45413962	45414090	45413433	45413745	45414860	45414960	195672	127,135,184	95,62,100	141,147,168,164,150,158,169,130,188,157,117,177,186,168,220,214,175,194,117,158,262,191,175,131,168,228,129,187,175,161,222,156,158,146,91,203,141,151,128,184,162,148,141,165,134,123,154,149,137	34,39,47,29,37,29,34,35,37,31,27,34,49,32,39,32,38,44,19,32,54,61,33,24,49,36,37,49,35,27,30,48,28,26,25,43,35,39,30,33,39,34,27,31,28,23,31,30,29	150	75	2,00E-15	1,27E-11	0.401,0.521,0.479	0.675,0.653,0.641,0.739,0.67,0.731,0.713,0.65,0.718,0.717,0.684,0.722,0.655,0.724,0.738,0.77,0.697,0.688,0.755,0.712,0.708,0.61,0.726,0.732,0.632,0.76,0.635,0.656,0.714,0.749,0.787,0.619,0.738,0.737,0.645,0.702,0.668,0.659,0.681,0.736,0.675,0.685,0.723,0.727,0.705,0.728,0.713,0.713,0.703	-0,233
195674	ENSG00000012061	ERCC1	ERCC1	chr19	-	45413962	45414399	45413433	45413745	45414860	45414960	195674	127,135,184	95,62,100	141,147,168,164,150,158,169,130,188,157,117,177,186,168,220,214,174,194,117,158,262,191,175,130,168,228,130,187,175,161,222,156,158,146,91,203,141,152,128,184,162,148,141,165,134,123,154,148,137	34,39,47,29,37,29,34,35,37,31,27,34,49,32,39,32,38,44,19,32,54,61,33,24,49,36,37,49,35,27,30,48,28,26,25,43,35,39,30,33,39,34,27,31,28,23,31,30,29	150	75	2,11E-15	1,32E-11	0.401,0.521,0.479	0.675,0.653,0.641,0.739,0.67,0.731,0.713,0.65,0.718,0.717,0.684,0.722,0.655,0.724,0.738,0.77,0.696,0.688,0.755,0.712,0.708,0.61,0.726,0.73,0.632,0.76,0.637,0.656,0.714,0.749,0.787,0.619,0.738,0.737,0.645,0.702,0.668,0.661,0.681,0.736,0.675,0.685,0.723,0.727,0.705,0.728,0.713,0.712,0.703	-0,233
195670	ENSG00000012061	ERCC1	ERCC1	chr19	-	45413962	45414033	45413433	45413745	45414860	45414960	195670	127,135,184	95,62,100	142,147,168,164,150,158,169,130,188,157,117,177,186,168,220,214,174,194,117,158,262,191,175,130,168,228,129,187,175,161,222,156,158,146,91,203,141,151,128,184,161,148,141,165,134,123,154,148,137	34,39,47,29,37,29,34,35,37,31,27,34,49,32,39,32,38,44,19,32,54,61,33,24,49,36,37,49,35,27,30,48,28,26,25,43,35,39,30,33,39,34,27,31,28,23,31,30,29	146	75	2,22E-15	1,37E-11	0.407,0.528,0.486	0.682,0.659,0.647,0.744,0.676,0.737,0.719,0.656,0.723,0.722,0.69,0.728,0.661,0.73,0.743,0.775,0.702,0.694,0.76,0.717,0.714,0.617,0.731,0.736,0.638,0.765,0.642,0.662,0.72,0.754,0.792,0.625,0.744,0.743,0.652,0.708,0.674,0.665,0.687,0.741,0.68,0.691,0.728,0.732,0.711,0.733,0.718,0.717,0.708	-0,232
33569	ENSG00000213983	AP1G2	False	chr14	-	23566561	23566686	23566277	23566419	23567110	23567315	33569	146,170,352	22,15,31	309,277,304,242,285,330,277,287,324,317,394,222,344,274,434,346,489,311,270,269,316,258,282,371,275,334,436,354,313,307,289,282,321,345,275,446,225,328,267,225,372,285,351,200,284,338,326,415,293	20,1,9,4,11,2,4,7,12,11,5,6,24,11,10,3,20,3,6,14,9,7,11,14,10,16,8,5,11,4,4,4,9,4,5,18,2,14,9,11,19,4,9,4,4,11,3,18,4	150	75	3,11E-15	1,88E-11	0.768,0.85,0.85	0.885,0.993,0.944,0.968,0.928,0.988,0.972,0.953,0.931,0.935,0.975,0.949,0.878,0.926,0.956,0.983,0.924,0.981,0.957,0.906,0.946,0.949,0.928,0.93,0.932,0.913,0.965,0.973,0.934,0.975,0.973,0.972,0.947,0.977,0.965,0.925,0.983,0.921,0.937,0.911,0.907,0.973,0.951,0.962,0.973,0.939,0.982,0.92,0.973	-0,126
99102	ENSG00000141524	TMC6	False	chr17	-	78120652	78120832	78119296	78119392	78121012	78121164	99102	68,98,154	23,40,48	163,138,180,128,123,121,135,140,248,187,110,194,208,156,210,111,284,142,100,141,103,119,202,174,100,184,167,183,157,129,114,111,144,215,117,244,163,111,186,143,195,115,118,136,106,259,183,183,215	16,27,27,16,17,7,11,19,12,17,13,24,13,34,34,10,26,20,10,15,10,24,18,25,22,18,9,16,10,19,27,11,4,20,14,29,21,14,26,29,21,14,20,24,13,27,29,26,14	150	75	3,66E-15	2,05E-11	0.596,0.551,0.616	0.836,0.719,0.769,0.8,0.783,0.896,0.86,0.787,0.912,0.846,0.809,0.802,0.889,0.696,0.755,0.847,0.845,0.78,0.833,0.825,0.837,0.713,0.849,0.777,0.694,0.836,0.903,0.851,0.887,0.772,0.679,0.835,0.947,0.843,0.807,0.808,0.795,0.799,0.782,0.711,0.823,0.804,0.747,0.739,0.803,0.827,0.759,0.779,0.885	-0,22
170390	ENSG00000142186	SCYL1	SCYL1	chr11	+	65538269	65538324	65537966	65538182	65538441	65538675	170390	190,183,348	25,17,51	211,207,278,217,227,263,292,294,383,299,263,338,283,219,353,262,398,244,216,237,283,216,284,326,263,320,356,288,250,260,272,219,246,203,198,402,250,261,228,217,381,191,242,222,204,321,290,244,258	9,7,14,4,11,10,12,8,20,16,14,14,25,8,14,16,7,22,13,21,15,8,13,17,9,7,9,7,15,8,4,4,15,4,4,17,8,10,12,10,27,9,11,10,9,14,10,4,11	130	75	4,77E-15	2,45E-11	0.814,0.861,0.797	0.931,0.945,0.92,0.969,0.923,0.938,0.934,0.955,0.917,0.915,0.916,0.933,0.867,0.94,0.936,0.904,0.97,0.865,0.906,0.867,0.916,0.94,0.926,0.917,0.944,0.963,0.958,0.96,0.906,0.949,0.975,0.969,0.904,0.967,0.966,0.932,0.947,0.938,0.916,0.926,0.891,0.924,0.927,0.928,0.929,0.93,0.944,0.972,0.931	-0,108
313743	ENSG00000142634	EFHD2	False	chr1	+	15427149	15427283	15425870	15426018	15428592	15430339	313743	182,248,556	44,54,156	279,369,588,289,432,541,602,399,371,323,377,467,513,277,644,486,647,580,575,710,546,415,605,570,428,572,360,421,504,447,606,264,565,395,422,442,342,293,587,428,533,382,352,295,374,332,443,361,352	23,34,55,47,65,60,53,66,36,41,39,49,82,11,62,40,67,63,73,82,43,53,76,98,47,58,43,53,44,74,104,28,56,38,56,47,56,40,67,62,80,37,49,38,32,31,51,33,28	150	75	5,11E-15	2,58E-11	0.674,0.697,0.641	0.858,0.844,0.842,0.755,0.769,0.818,0.85,0.751,0.837,0.798,0.829,0.827,0.758,0.926,0.839,0.859,0.828,0.822,0.798,0.812,0.864,0.797,0.799,0.744,0.82,0.831,0.807,0.799,0.851,0.751,0.744,0.825,0.835,0.839,0.79,0.825,0.753,0.786,0.814,0.775,0.769,0.838,0.782,0.795,0.854,0.843,0.813,0.845,0.863	-0,143
6953	ENSG00000012061	ERCC1	ERCC1	chr19	-	45413962	45414034	45413433	45413745	45414860	45414960	6953	253,294,392	95,62,100	281,310,342,290,307,327,370,296,386,286,269,383,370,358,465,408,368,377,276,315,514,380,330,274,334,412,284,400,312,317,420,332,305,314,185,442,283,284,258,351,368,339,314,323,310,304,312,299,268	34,39,47,29,37,29,34,35,37,31,27,34,49,32,39,32,38,44,19,32,54,61,33,24,49,36,37,49,35,27,30,48,28,26,25,43,35,39,30,33,39,34,27,31,28,23,31,30,29	147	75	2,07E-14	9,34E-11	0.576,0.708,0.667	0.808,0.802,0.788,0.836,0.809,0.852,0.847,0.812,0.842,0.825,0.836,0.852,0.794,0.851,0.859,0.867,0.832,0.814,0.881,0.834,0.829,0.761,0.836,0.853,0.777,0.854,0.797,0.806,0.82,0.857,0.877,0.779,0.848,0.86,0.791,0.84,0.805,0.788,0.814,0.844,0.828,0.836,0.856,0.842,0.85,0.871,0.837,0.836,0.825	-0,179
153527	ENSG00000179950	PUF60	PUF60	chr8	-	143824312	143824399	143821817	143821913	143829279	143829315	153527	519,465,799	163,135,300	428,411,530,493,640,735,688,385,779,657,489,641,494,419,693,582,792,460,385,507,648,467,492,647,602,512,554,687,547,614,478,441,542,521,502,739,495,569,354,467,807,608,570,626,549,681,489,502,449	74,48,110,83,117,103,102,84,106,120,88,97,129,51,136,99,96,67,129,86,156,105,111,152,137,75,107,100,128,89,115,62,107,52,86,119,91,112,91,101,163,104,87,110,86,156,106,59,61	150	75	4,56E-14	1,85E-10	0.614,0.633,0.571	0.743,0.811,0.707,0.748,0.732,0.781,0.771,0.696,0.786,0.732,0.735,0.768,0.657,0.804,0.718,0.746,0.805,0.774,0.599,0.747,0.675,0.69,0.689,0.68,0.687,0.773,0.721,0.775,0.681,0.775,0.675,0.781,0.717,0.834,0.745,0.756,0.731,0.718,0.66,0.698,0.712,0.745,0.766,0.74,0.761,0.686,0.698,0.81,0.786	-0,129
163438	ENSG00000152556	PFKM	False	chr12	+	48135290	48135383	48134942	48135038	48137720	48137815	163438	94,192,371	21,21,71	189,122,209,191,214,169,180,207,300,287,162,209,297,137,295,215,252,127,116,169,213,188,192,239,274,160,315,211,233,198,185,132,149,213,222,276,241,149,132,197,283,64,190,163,186,295,269,215,276	7,6,9,16,6,16,17,10,10,10,8,10,24,7,18,10,4,9,9,16,21,8,10,16,19,8,14,9,14,6,9,7,9,9,15,9,11,6,6,10,12,6,13,12,12,5,18,13,11	150	75	9,10E-14	3,36E-10	0.691,0.821,0.723	0.931,0.91,0.921,0.857,0.947,0.841,0.841,0.912,0.938,0.935,0.91,0.913,0.861,0.907,0.891,0.915,0.969,0.876,0.866,0.841,0.835,0.922,0.906,0.882,0.878,0.909,0.918,0.921,0.893,0.943,0.911,0.904,0.892,0.922,0.881,0.939,0.916,0.925,0.917,0.908,0.922,0.842,0.88,0.872,0.886,0.967,0.882,0.892,0.926	-0,156
31110	ENSG00000182979	MTA1	False	chr14	+	105449358	105449409	105438671	105438739	105450057	105450184	31110	62,66,83	52,39,78	74,64,87,90,96,88,87,73,92,114,83,127,87,67,132,101,119,73,74,78,111,62,98,111,70,97,142,84,90,78,72,63,85,104,64,134,93,99,76,89,77,93,90,75,53,82,70,126,82	22,11,42,26,27,27,27,26,25,41,15,13,40,9,27,17,36,12,31,20,31,24,27,25,29,31,19,27,26,19,33,23,29,14,24,36,21,32,22,30,51,14,17,18,15,32,14,8,20	126	75	1,47E-13	5,31E-10	0.415,0.502,0.388	0.667,0.776,0.552,0.673,0.679,0.66,0.657,0.626,0.687,0.623,0.767,0.853,0.564,0.816,0.744,0.78,0.663,0.784,0.587,0.699,0.681,0.606,0.684,0.725,0.59,0.651,0.816,0.649,0.673,0.71,0.565,0.62,0.636,0.816,0.613,0.689,0.725,0.648,0.673,0.638,0.473,0.798,0.759,0.713,0.678,0.604,0.749,0.904,0.709	-0,252
1181	ENSG00000100241	SBF1	SBF1	chr22	-	50457033	50457111	50456491	50456673	50459254	50459392	1181	130,144,136	85,57,82	104,160,171,130,193,157,189,165,239,215,110,206,176,201,215,184,221,202,197,186,169,125,206,190,126,251,147,155,188,152,154,159,157,162,137,252,163,111,155,208,354,177,161,176,116,221,160,167,119	22,37,30,21,31,37,39,35,55,47,34,30,26,36,36,52,35,32,27,26,30,29,34,54,26,53,33,38,30,37,45,30,28,28,24,58,29,44,37,40,60,36,35,30,31,30,26,36,38	150	75	1,57E-13	5,63E-10	0.433,0.558,0.453	0.703,0.684,0.74,0.756,0.757,0.68,0.708,0.702,0.685,0.696,0.618,0.774,0.772,0.736,0.749,0.639,0.759,0.759,0.785,0.782,0.738,0.683,0.752,0.638,0.708,0.703,0.69,0.671,0.758,0.673,0.631,0.726,0.737,0.743,0.741,0.685,0.738,0.558,0.677,0.722,0.747,0.711,0.697,0.746,0.652,0.786,0.755,0.699,0.61	-0,23
233303	ENSG00000213983	AP1G2	False	chr14	-	23566517	23566686	23566338	23566419	23567110	23567315	233303	81,98,219	22,15,31	163,153,174,131,163,183,167,171,213,201,261,133,225,159,253,212,288,196,158,164,201,165,172,221,168,220,272,214,209,185,178,183,200,220,151,269,108,186,157,139,260,159,195,112,155,236,197,246,187	20,1,9,4,11,2,4,7,12,11,5,6,24,11,10,3,20,3,6,14,9,7,11,14,10,16,8,5,11,4,4,4,9,4,5,18,2,14,9,11,19,4,9,4,4,11,3,18,4	150	75	3,10E-13	1,04E-09	0.648,0.766,0.779	0.803,0.987,0.906,0.942,0.881,0.979,0.954,0.924,0.899,0.901,0.963,0.917,0.824,0.878,0.927,0.972,0.878,0.97,0.929,0.854,0.918,0.922,0.887,0.888,0.894,0.873,0.944,0.955,0.905,0.959,0.957,0.958,0.917,0.965,0.938,0.882,0.964,0.869,0.897,0.863,0.872,0.952,0.915,0.933,0.951,0.915,0.97,0.872,0.959	-0,187
233305	ENSG00000213983	AP1G2	False	chr14	-	23566553	23566686	23566338	23566419	23567110	23567315	233305	81,98,219	22,15,31	163,153,174,131,163,183,167,171,213,201,260,133,225,156,253,212,288,196,158,164,201,165,172,222,168,220,272,214,209,185,178,183,200,220,151,269,108,186,157,139,260,159,195,112,155,236,197,246,188	20,1,9,4,11,2,4,7,12,11,5,6,24,11,10,3,20,3,6,14,9,7,11,14,10,16,8,5,11,4,4,4,9,4,5,18,2,14,9,11,19,4,9,4,4,11,3,18,4	150	75	3,12E-13	1,04E-09	0.648,0.766,0.779	0.803,0.987,0.906,0.942,0.881,0.979,0.954,0.924,0.899,0.901,0.963,0.917,0.824,0.876,0.927,0.972,0.878,0.97,0.929,0.854,0.918,0.922,0.887,0.888,0.894,0.873,0.944,0.955,0.905,0.959,0.957,0.958,0.917,0.965,0.938,0.882,0.964,0.869,0.897,0.863,0.872,0.952,0.915,0.933,0.951,0.915,0.97,0.872,0.959	-0,187
233308	ENSG00000213983	AP1G2	False	chr14	-	23566564	23566686	23566338	23566419	23567110	23567315	233308	81,98,219	22,15,31	163,153,174,131,163,183,167,171,213,201,260,133,225,156,253,212,288,196,158,164,201,165,172,221,168,220,272,214,209,185,178,183,200,220,151,269,108,186,157,139,260,159,195,112,156,236,197,246,187	20,1,9,4,11,2,4,7,12,11,5,6,24,11,10,3,20,3,6,14,9,7,11,14,10,16,8,5,11,4,4,4,9,4,5,18,2,14,9,11,19,4,9,4,4,11,3,18,4	150	75	3,13E-13	1,04E-09	0.648,0.766,0.779	0.803,0.987,0.906,0.942,0.881,0.979,0.954,0.924,0.899,0.901,0.963,0.917,0.824,0.876,0.927,0.972,0.878,0.97,0.929,0.854,0.918,0.922,0.887,0.888,0.894,0.873,0.944,0.955,0.905,0.959,0.957,0.958,0.917,0.965,0.938,0.882,0.964,0.869,0.897,0.863,0.872,0.952,0.915,0.933,0.951,0.915,0.97,0.872,0.959	-0,187
233310	ENSG00000213983	AP1G2	False	chr14	-	23566600	23566686	23566338	23566419	23567110	23567315	233310	81,100,219	22,15,31	163,153,175,131,164,183,170,172,215,201,260,133,225,156,253,212,288,197,158,164,202,165,172,223,169,220,272,214,209,185,182,183,201,220,151,270,108,186,157,139,260,159,196,113,155,236,197,246,189	20,1,9,4,11,2,4,7,12,11,5,6,24,11,10,3,20,3,6,14,9,7,11,14,10,16,8,5,11,4,4,4,9,4,5,18,2,14,9,11,19,4,9,4,4,11,3,18,4	150	75	4,14E-13	1,32E-09	0.648,0.769,0.779	0.803,0.987,0.907,0.942,0.882,0.979,0.955,0.925,0.9,0.901,0.963,0.917,0.824,0.876,0.927,0.972,0.878,0.97,0.929,0.854,0.918,0.922,0.887,0.888,0.894,0.873,0.944,0.955,0.905,0.959,0.958,0.958,0.918,0.965,0.938,0.882,0.964,0.869,0.897,0.863,0.872,0.952,0.916,0.934,0.951,0.915,0.97,0.872,0.959	-0,186
153524	ENSG00000179950	PUF60	PUF60	chr8	-	143824312	143824396	143821817	143821913	143829279	143829299	153524	373,330,560	163,135,300	307,317,357,346,453,521,501,265,523,460,317,441,326,298,516,395,528,344,276,361,446,341,343,477,410,386,360,471,384,442,354,301,397,367,341,516,370,412,263,345,530,409,443,426,379,442,355,361,299	74,48,110,83,117,103,102,84,106,120,88,97,129,51,136,99,96,67,129,86,156,105,111,152,137,75,107,100,128,89,115,62,107,52,86,119,91,112,91,101,163,104,87,110,86,156,106,59,61	150	75	4,27E-13	1,34E-09	0.534,0.55,0.483	0.675,0.768,0.619,0.676,0.659,0.717,0.711,0.612,0.712,0.657,0.643,0.694,0.558,0.745,0.655,0.666,0.733,0.72,0.517,0.677,0.588,0.619,0.607,0.611,0.599,0.72,0.627,0.702,0.6,0.713,0.606,0.708,0.65,0.779,0.665,0.684,0.67,0.648,0.591,0.631,0.619,0.663,0.718,0.659,0.688,0.586,0.626,0.754,0.71	-0,14
415475	ENSG00000142186	SCYL1	SCYL1	chr11	+	65538250	65538324	65538003	65538182	65538441	65538675	415475	87,87,153	25,17,51	82,85,128,96,106,131,150,157,195,128,141,161,140,104,174,114,198,121,108,125,146,89,154,172,141,114,167,160,110,129,114,114,112,97,111,201,111,110,111,91,206,94,111,95,96,184,148,121,146	9,7,14,4,11,10,12,8,20,16,14,14,25,8,14,16,7,22,13,21,15,8,13,17,9,7,9,7,15,8,4,4,15,4,4,17,8,10,12,10,27,9,11,10,9,14,10,4,11	149	75	6,12E-13	1,80E-09	0.637,0.72,0.602	0.821,0.859,0.821,0.924,0.829,0.868,0.863,0.908,0.831,0.801,0.835,0.853,0.738,0.867,0.862,0.782,0.934,0.735,0.807,0.75,0.83,0.848,0.856,0.836,0.887,0.891,0.903,0.92,0.787,0.89,0.935,0.935,0.79,0.924,0.933,0.856,0.875,0.847,0.823,0.821,0.793,0.84,0.836,0.827,0.843,0.869,0.882,0.938,0.87	-0,2
415483	ENSG00000142186	SCYL1	SCYL1	chr11	+	65538269	65538328	65537966	65538182	65538441	65538704	415483	101,89,164	25,17,51	121,116,151,118,110,128,133,134,186,160,113,176,134,119,169,145,196,115,106,107,127,121,126,158,116,192,176,123,127,128,157,98,127,99,79,186,130,140,110,120,144,95,128,116,101,129,148,121,104	9,7,14,4,11,10,12,8,20,16,14,14,25,8,14,16,7,22,13,21,15,8,13,17,9,7,9,7,15,8,4,4,15,4,4,17,8,10,12,10,27,9,11,10,9,14,10,4,11	134	75	8,12E-13	2,34E-09	0.693,0.746,0.643	0.883,0.903,0.858,0.943,0.848,0.878,0.861,0.904,0.839,0.848,0.819,0.876,0.75,0.893,0.871,0.835,0.94,0.745,0.82,0.74,0.826,0.894,0.844,0.839,0.878,0.939,0.916,0.908,0.826,0.9,0.956,0.932,0.826,0.933,0.917,0.86,0.901,0.887,0.837,0.87,0.749,0.855,0.867,0.867,0.863,0.838,0.892,0.944,0.841	-0,173
395472	ENSG00000094914	AAAS	AAAS	chr12	-	53314748	53314849	53314388	53314441	53315093	53315140	395472	184,153,382	23,25,39	165,193,186,156,150,141,186,190,175,181,129,198,163,163,224,171,228,180,119,144,228,212,145,204,161,219,192,215,200,175,164,150,130,162,146,199,131,185,126,161,188,195,146,159,161,125,196,145,180	9,5,10,2,5,13,8,6,11,10,10,10,13,4,12,7,4,9,9,11,10,6,6,10,11,8,5,4,5,7,9,8,10,5,5,11,10,8,4,5,12,4,5,6,8,13,7,4,12	150	75	8,92E-13	2,54E-09	0.8,0.754,0.83	0.902,0.951,0.903,0.975,0.938,0.844,0.921,0.941,0.888,0.9,0.866,0.908,0.862,0.953,0.903,0.924,0.966,0.909,0.869,0.867,0.919,0.946,0.924,0.911,0.88,0.932,0.95,0.964,0.952,0.926,0.901,0.904,0.867,0.942,0.936,0.9,0.868,0.92,0.94,0.942,0.887,0.961,0.936,0.93,0.91,0.828,0.933,0.948,0.882	-0,12
117021	ENSG00000137497	NUMA1	False	chr11	-	72012400	72012442	72010785	72010854	72012894	72016260	117021	83,75,84	277,200,226	81,157,169,98,91,171,133,169,171,116,192,202,126,184,164,149,206,123,81,142,126,105,82,122,87,109,160,182,87,132,82,108,123,185,111,205,94,104,102,80,89,111,171,75,155,112,172,162,124	138,179,196,193,213,204,232,171,215,194,234,183,177,109,236,207,258,177,179,144,203,164,235,233,139,218,208,196,190,251,127,143,195,143,176,281,150,198,162,181,216,174,171,163,121,172,179,188,174	117	75	1,67E-12	4,42E-09	0.161,0.194,0.192	0.273,0.36,0.356,0.246,0.215,0.35,0.269,0.388,0.338,0.277,0.345,0.414,0.313,0.52,0.308,0.316,0.339,0.308,0.225,0.387,0.285,0.291,0.183,0.251,0.286,0.243,0.33,0.373,0.227,0.252,0.293,0.326,0.288,0.453,0.288,0.319,0.287,0.252,0.288,0.221,0.209,0.29,0.391,0.228,0.451,0.294,0.381,0.356,0.314	-0,128
236271	ENSG00000167895	TMC8	False	chr17	+	78137610	78137814	78134948	78135009	78138004	78138071	236271	77,72,138	16,14,17	221,166,175,158,160,149,100,167,209,207,138,185,159,172,245,150,327,103,76,125,152,151,141,222,131,212,171,183,135,148,75,109,156,203,117,262,108,227,110,118,167,94,152,172,96,159,198,200,170	8,6,5,3,5,6,10,12,12,5,5,10,7,11,12,8,19,3,5,3,9,16,2,10,6,9,21,6,4,2,8,8,3,3,7,5,0,7,0,3,3,2,6,2,9,5,6,3,6	150	75	1,72E-12	4,52E-09	0.706,0.72,0.802	0.932,0.933,0.946,0.963,0.941,0.925,0.833,0.874,0.897,0.954,0.932,0.902,0.919,0.887,0.911,0.904,0.896,0.945,0.884,0.954,0.894,0.825,0.972,0.917,0.916,0.922,0.803,0.938,0.944,0.974,0.824,0.872,0.963,0.971,0.893,0.963,1.0,0.942,1.0,0.952,0.965,0.959,0.927,0.977,0.842,0.941,0.943,0.971,0.934	-0,181
14255	ENSG00000072310	SREBF1	False	chr17	-	17823517	17823607	17820089	17820521	17836726	17836987	14255	22,9,7	70,89,106	73,207,136,91,47,42,11,61,97,121,139,121,51,119,154,97,235,16,14,15,30,107,10,63,52,183,102,139,43,72,26,102,6,142,19,189,77,91,7,11,26,36,81,32,62,95,174,97,119	173,147,204,145,122,127,59,125,190,202,136,137,159,196,245,142,239,120,63,58,103,144,57,174,153,216,169,193,153,118,122,140,55,166,54,213,156,166,42,69,152,46,133,102,102,268,180,159,210	150	75	2,21E-12	5,79E-09	0.136,0.048,0.032	0.174,0.413,0.25,0.239,0.162,0.142,0.085,0.196,0.203,0.23,0.338,0.306,0.138,0.233,0.239,0.255,0.33,0.062,0.1,0.115,0.127,0.271,0.081,0.153,0.145,0.298,0.232,0.265,0.123,0.234,0.096,0.267,0.052,0.3,0.15,0.307,0.198,0.215,0.077,0.074,0.079,0.281,0.233,0.136,0.233,0.151,0.326,0.234,0.221	-0,127
35962	ENSG00000167895	TMC8	False	chr17	+	78137716	78137814	78134869	78135009	78138004	78138071	35962	80,72,144	16,14,17	223,168,175,158,160,150,100,170,213,207,143,190,161,173,245,154,331,106,78,126,156,154,141,224,131,218,181,185,139,152,75,109,165,207,119,268,110,228,110,121,166,94,153,176,97,163,202,204,182	8,6,5,3,5,6,10,12,12,5,5,10,7,11,12,8,19,3,5,3,9,16,2,10,6,9,21,6,4,2,8,8,3,3,7,5,0,7,0,3,3,2,6,2,9,5,6,3,6	150	75	2,84E-12	7,31E-09	0.714,0.72,0.809	0.933,0.933,0.946,0.963,0.941,0.926,0.833,0.876,0.899,0.954,0.935,0.905,0.92,0.887,0.911,0.906,0.897,0.946,0.886,0.955,0.897,0.828,0.972,0.918,0.916,0.924,0.812,0.939,0.946,0.974,0.824,0.872,0.965,0.972,0.895,0.964,1.0,0.942,1.0,0.953,0.965,0.959,0.927,0.978,0.843,0.942,0.944,0.971,0.938	-0,177
129782	ENSG00000231925	TAPBP	False	chr6	-	33303954	33303989	33299693	33301771	33304296	33304638	129782	423,416,892	142,80,101	458,465,731,451,525,537,614,585,585,474,579,420,587,631,715,601,708,798,593,595,513,750,584,600,574,767,481,701,645,527,667,552,402,524,406,677,401,504,465,568,343,402,478,493,562,354,575,377,569	18,26,23,10,59,35,35,36,65,23,12,121,42,29,37,87,14,50,49,49,108,26,40,32,48,30,13,13,49,31,70,40,24,10,17,70,23,20,32,57,49,24,33,32,21,31,14,48,22	110	75	2,88E-12	7,38E-09	0.67,0.78,0.858	0.945,0.924,0.956,0.969,0.858,0.913,0.923,0.917,0.86,0.934,0.97,0.703,0.905,0.937,0.929,0.825,0.972,0.916,0.892,0.892,0.764,0.952,0.909,0.927,0.891,0.946,0.962,0.974,0.9,0.921,0.867,0.904,0.919,0.973,0.942,0.868,0.922,0.945,0.908,0.872,0.827,0.919,0.908,0.913,0.948,0.886,0.966,0.843,0.946	-0,14
279824	ENSG00000196235	SUPT5H	False	chr19	+	39458290	39458305	39457700	39457740	39458817	39458887	279824	67,64,108	123,57,139	58,144,138,59,70,63,98,169,150,88,98,128,110,111,195,84,184,118,155,112,86,69,130,76,66,108,80,88,69,95,113,51,59,109,73,213,87,77,124,88,165,61,82,83,82,131,174,73,43	45,22,35,38,31,42,48,29,93,35,26,49,62,29,41,47,67,29,61,39,74,31,20,51,46,51,48,33,33,73,52,41,21,29,46,70,19,47,36,39,59,36,34,49,106,46,38,37,15	90	75	3,75E-12	9,09E-09	0.312,0.483,0.393	0.518,0.845,0.767,0.564,0.653,0.556,0.63,0.829,0.573,0.677,0.759,0.685,0.597,0.761,0.799,0.598,0.696,0.772,0.679,0.705,0.492,0.65,0.844,0.554,0.545,0.638,0.581,0.69,0.635,0.52,0.644,0.509,0.701,0.758,0.569,0.717,0.792,0.577,0.742,0.653,0.7,0.585,0.668,0.585,0.392,0.704,0.792,0.622,0.705	-0,262
54988	ENSG00000204463	BAG6	False	chr6	-	31644306	31644414	31644081	31644194	31644524	31644602	54988	387,349,711	66,68,164	218,245,283,247,249,317,350,306,409,257,217,333,251,280,360,255,331,220,284,252,362,229,266,241,287,270,295,275,272,318,292,265,271,229,281,403,242,285,251,247,411,235,250,289,291,373,351,257,258	84,119,91,84,100,122,107,103,157,96,83,156,100,112,112,120,107,130,87,118,139,104,98,113,96,133,103,112,85,99,146,88,86,89,86,161,96,105,69,97,119,111,118,102,85,120,96,101,92	150	75	4,06E-12	9,78E-09	0.746,0.72,0.684	0.565,0.507,0.609,0.595,0.555,0.565,0.621,0.598,0.566,0.572,0.567,0.516,0.557,0.556,0.616,0.515,0.607,0.458,0.62,0.516,0.566,0.524,0.576,0.516,0.599,0.504,0.589,0.551,0.615,0.616,0.5,0.601,0.612,0.563,0.62,0.556,0.558,0.576,0.645,0.56,0.633,0.514,0.514,0.586,0.631,0.608,0.646,0.56,0.584	0,145
35961	ENSG00000167895	TMC8	False	chr17	+	78137234	78137814	78134867	78135009	78138004	78138071	35961	167,128,311	16,14,17	376,318,342,303,293,258,185,292,359,412,240,353,303,322,478,309,562,197,169,228,277,285,277,418,260,410,335,346,256,251,131,219,289,389,221,424,246,391,194,222,315,186,310,288,207,347,373,379,332	8,6,5,3,5,6,10,12,12,5,5,10,7,11,12,8,19,3,5,3,9,16,2,10,6,9,21,6,4,2,8,8,3,3,7,5,0,7,0,3,3,2,6,2,9,5,6,3,6	150	75	5,82E-12	1,39E-08	0.839,0.821,0.901	0.959,0.964,0.972,0.981,0.967,0.956,0.902,0.924,0.937,0.976,0.96,0.946,0.956,0.936,0.952,0.951,0.937,0.97,0.944,0.974,0.939,0.899,0.986,0.954,0.956,0.958,0.889,0.966,0.97,0.984,0.891,0.932,0.98,0.985,0.94,0.977,1.0,0.965,1.0,0.974,0.981,0.979,0.963,0.986,0.92,0.972,0.969,0.984,0.965	-0,104
415480	ENSG00000142186	SCYL1	SCYL1	chr11	+	65538269	65538288	65537966	65538182	65538441	65538704	415480	33,20,53	25,17,51	30,39,43,43,49,35,46,36,51,52,37,57,52,43,58,45,57,25,34,32,37,31,40,38,29,59,45,34,36,32,37,33,37,33,16,60,40,45,34,34,48,21,41,38,29,42,43,38,29	9,7,14,4,11,10,12,8,20,16,14,14,25,8,14,16,7,22,13,21,15,8,13,17,9,7,9,7,15,8,4,4,15,4,4,17,8,10,12,10,27,9,11,10,9,14,10,4,11	94	75	1,06E-11	2,39E-08	0.513,0.484,0.453	0.727,0.816,0.71,0.896,0.78,0.736,0.754,0.782,0.67,0.722,0.678,0.765,0.624,0.811,0.768,0.692,0.867,0.476,0.676,0.549,0.663,0.756,0.711,0.641,0.72,0.871,0.8,0.795,0.657,0.761,0.881,0.868,0.663,0.868,0.761,0.738,0.8,0.782,0.693,0.731,0.587,0.651,0.748,0.752,0.72,0.705,0.774,0.883,0.678	-0,255
287482	ENSG00000067829	IDH3G	False	chrX	-	153786819	153786947	153786354	153786449	153787050	153787153	287482	235,189,332	77,47,179	182,216,185,269,255,243,319,219,327,234,257,281,198,224,350,221,385,231,275,201,296,262,263,298,248,198,257,244,193,295,271,218,224,271,197,288,192,246,183,217,264,260,231,242,267,250,269,259,216	15,20,12,23,38,38,47,30,49,26,18,18,39,18,20,19,49,59,58,40,58,20,42,42,30,23,22,23,22,39,40,34,49,22,24,32,22,28,26,29,37,50,34,26,24,23,23,19,12	150	75	1,56E-11	3,39E-08	0.604,0.668,0.481	0.858,0.844,0.885,0.854,0.77,0.762,0.772,0.785,0.769,0.818,0.877,0.886,0.717,0.862,0.897,0.853,0.797,0.662,0.703,0.715,0.718,0.868,0.758,0.78,0.805,0.811,0.854,0.841,0.814,0.791,0.772,0.762,0.696,0.86,0.804,0.818,0.814,0.815,0.779,0.789,0.781,0.722,0.773,0.823,0.848,0.845,0.854,0.872,0.9	-0,221
359892	ENSG00000231925	TAPBP	False	chr6	-	33303954	33304208	33299693	33301771	33304296	33304638	359892	449,438,939	142,80,101	493,522,808,510,569,566,666,643,631,537,620,441,627,673,774,647,789,863,658,658,543,805,628,635,607,834,513,753,706,573,725,596,427,568,436,770,437,544,523,609,441,428,533,524,596,457,643,406,634	18,26,23,10,59,35,35,36,65,23,12,121,42,29,37,87,14,50,49,49,108,26,40,32,48,30,13,13,49,31,70,40,24,10,17,70,23,20,32,57,49,24,33,32,21,31,14,48,22	150	75	3,64E-11	7,67E-08	0.613,0.732,0.823	0.932,0.909,0.946,0.962,0.828,0.89,0.905,0.899,0.829,0.921,0.963,0.646,0.882,0.921,0.913,0.788,0.966,0.896,0.87,0.87,0.715,0.939,0.887,0.908,0.863,0.933,0.952,0.967,0.878,0.902,0.838,0.882,0.899,0.966,0.928,0.846,0.905,0.932,0.891,0.842,0.818,0.899,0.89,0.891,0.934,0.881,0.958,0.809,0.935	-0,168
359893	ENSG00000231925	TAPBP	False	chr6	-	33303954	33304216	33299693	33301771	33304296	33304638	359893	449,438,939	142,80,101	493,522,808,490,569,566,666,643,631,520,620,441,627,673,774,647,772,863,659,658,543,805,628,635,607,834,513,753,685,573,725,596,427,568,436,753,437,544,523,609,441,428,515,524,596,457,643,406,618	18,26,23,10,59,35,35,36,65,23,12,121,42,29,37,87,14,50,49,49,108,26,40,32,48,30,13,13,49,31,70,40,24,10,17,70,23,20,32,57,49,24,33,32,21,31,14,48,22	150	75	4,26E-11	8,92E-08	0.613,0.732,0.823	0.932,0.909,0.946,0.961,0.828,0.89,0.905,0.899,0.829,0.919,0.963,0.646,0.882,0.921,0.913,0.788,0.965,0.896,0.871,0.87,0.715,0.939,0.887,0.908,0.863,0.933,0.952,0.967,0.875,0.902,0.838,0.882,0.899,0.966,0.928,0.843,0.905,0.932,0.891,0.842,0.818,0.899,0.886,0.891,0.934,0.881,0.958,0.809,0.934	-0,167
65908	ENSG00000026751	SLAMF7	False	chr1	+	160750303	160750423	160749820	160750093	160752185	160752248	65908	69,87,379	16,8,11	101,67,99,67,80,114,192,66,101,70,30,167,117,47,209,68,110,331,160,141,87,44,331,116,70,144,51,66,143,49,204,62,208,61,91,113,121,29,233,368,155,133,59,123,78,140,35,75,33	7,1,1,0,1,1,4,4,7,4,0,2,0,1,1,1,3,1,3,2,2,1,0,0,0,5,1,0,2,0,3,4,4,3,1,1,7,2,3,1,2,0,0,7,2,1,1,4,0	150	75	5,08E-11	1,04E-07	0.683,0.845,0.945	0.878,0.971,0.98,1.0,0.976,0.983,0.96,0.892,0.878,0.897,1.0,0.977,1.0,0.959,0.991,0.971,0.948,0.994,0.964,0.972,0.956,0.957,1.0,1.0,1.0,0.935,0.962,1.0,0.973,1.0,0.971,0.886,0.963,0.91,0.978,0.983,0.896,0.879,0.975,0.995,0.975,1.0,1.0,0.898,0.951,0.986,0.946,0.904,1.0	-0,136
384056	ENSG00000184634	MED12	MED12	chrX	+	71125662	71125723	71125350	71125495	71126035	71126965	384056	52,95,99	13,8,18	71,114,101,90,75,84,93,80,83,104,76,70,85,80,118,100,107,84,77,68,93,100,109,88,86,128,85,126,89,72,81,60,87,84,76,128,96,80,79,99,72,82,93,78,71,75,69,73,93	6,0,2,1,2,3,3,5,3,3,3,3,7,0,3,1,1,7,6,5,6,5,6,5,4,3,3,2,4,3,1,1,10,2,3,6,2,1,2,11,2,2,6,6,3,2,0,4,2	136	75	6,23E-11	1,26E-07	0.688,0.868,0.752	0.867,1.0,0.965,0.98,0.954,0.939,0.945,0.898,0.938,0.95,0.933,0.928,0.87,1.0,0.956,0.982,0.983,0.869,0.876,0.882,0.895,0.917,0.909,0.907,0.922,0.959,0.94,0.972,0.925,0.93,0.978,0.971,0.828,0.959,0.933,0.922,0.964,0.978,0.956,0.832,0.952,0.958,0.895,0.878,0.929,0.954,1.0,0.91,0.962	-0,164
369138	ENSG00000141480	ARRB2	False	chr17	+	4716126	4716191	4715972	4716033	4716411	4716515	369138	124,150,252	27,18,23	147,124,107,111,85,100,87,127,150,106,67,123,77,141,122,88,181,130,95,64,103,140,74,115,79,171,108,137,119,102,79,139,90,89,96,134,80,160,76,108,171,140,124,99,148,123,119,112,90	6,9,8,10,2,8,4,2,5,9,1,3,0,3,5,5,5,9,3,4,6,5,7,7,7,10,2,3,5,1,2,6,1,1,2,5,9,4,3,4,11,3,6,6,10,5,10,7,2	140	75	1,10E-10	2,09E-07	0.711,0.817,0.854	0.929,0.881,0.878,0.856,0.958,0.87,0.921,0.971,0.941,0.863,0.973,0.956,1.0,0.962,0.929,0.904,0.951,0.886,0.944,0.896,0.902,0.938,0.85,0.898,0.858,0.902,0.967,0.961,0.927,0.982,0.955,0.925,0.98,0.979,0.963,0.935,0.826,0.955,0.931,0.935,0.893,0.962,0.917,0.898,0.888,0.929,0.864,0.896,0.96	-0,129
24657	ENSG00000180096	SEPTIN1	False	chr16	-	30382524	30382598	30382092	30382365	30382734	30382813	24657	132,100,231	12,11,21	150,139,220,203,244,267,295,214,214,289,293,215,172,159,272,228,405,145,174,167,344,98,189,244,202,106,167,323,102,245,141,167,239,210,258,278,173,147,141,114,221,283,189,209,303,227,211,213,244	6,6,8,3,12,2,5,3,0,6,10,3,4,4,6,7,10,3,2,0,14,4,2,11,4,6,11,7,2,20,10,6,5,6,13,2,5,5,1,1,7,12,8,2,5,2,2,4,13	149	75	1,19E-10	2,22E-07	0.847,0.821,0.847	0.926,0.921,0.933,0.971,0.911,0.985,0.967,0.973,1.0,0.96,0.937,0.973,0.956,0.952,0.958,0.943,0.953,0.961,0.978,1.0,0.925,0.925,0.979,0.918,0.962,0.899,0.884,0.959,0.963,0.86,0.877,0.933,0.96,0.946,0.909,0.986,0.946,0.937,0.986,0.983,0.941,0.922,0.922,0.981,0.968,0.983,0.982,0.964,0.904	-0,11
324003	ENSG00000241878	PISD	PISD	chr22	-	31620269	31620713	31619443	31619836	31620995	31621142	324003	49,67,116	6,8,19	64,39,55,35,55,67,36,60,78,56,26,80,94,31,76,46,59,60,50,71,40,55,73,66,65,71,63,56,65,45,43,56,58,46,34,72,50,39,59,88,77,31,44,62,29,85,64,45,39	0,1,2,1,2,4,3,1,2,2,1,2,4,1,3,4,1,9,6,6,1,1,3,6,0,2,1,0,5,0,4,0,2,2,3,5,2,3,0,3,4,0,2,0,1,2,1,2,2	150	75	1,38E-10	2,54E-07	0.803,0.807,0.753	1.0,0.951,0.932,0.946,0.932,0.893,0.857,0.968,0.951,0.933,0.929,0.952,0.922,0.939,0.927,0.852,0.967,0.769,0.806,0.855,0.952,0.965,0.924,0.846,1.0,0.947,0.969,1.0,0.867,1.0,0.843,1.0,0.935,0.92,0.85,0.878,0.926,0.867,1.0,0.936,0.906,1.0,0.917,1.0,0.935,0.955,0.97,0.918,0.907	-0,139
324009	ENSG00000241878	PISD	PISD	chr22	-	31620569	31620713	31619443	31619836	31620995	31621142	324009	49,67,116	6,8,19	64,39,55,35,55,67,36,60,77,57,26,80,94,31,76,46,59,60,50,71,40,55,73,66,65,70,63,56,65,45,43,56,58,46,34,72,50,39,59,88,77,31,44,62,29,85,64,45,39	0,1,2,1,2,4,3,1,2,2,1,2,4,1,3,4,1,9,6,6,1,1,3,6,0,2,1,0,5,0,4,0,2,2,3,5,2,3,0,3,4,0,2,0,1,2,1,2,2	150	75	1,39E-10	2,54E-07	0.803,0.807,0.753	1.0,0.951,0.932,0.946,0.932,0.893,0.857,0.968,0.951,0.934,0.929,0.952,0.922,0.939,0.927,0.852,0.967,0.769,0.806,0.855,0.952,0.965,0.924,0.846,1.0,0.946,0.969,1.0,0.867,1.0,0.843,1.0,0.935,0.92,0.85,0.878,0.926,0.867,1.0,0.936,0.906,1.0,0.917,1.0,0.935,0.955,0.97,0.918,0.907	-0,139
6893	ENSG00000076928	ARHGEF1	False	chr19	+	41897314	41897326	41896376	41896482	41898441	41898587	6893	21,21,68	99,96,165	45,45,82,46,47,58,59,35,79,75,50,64,99,61,76,70,95,64,37,74,87,35,87,69,60,74,70,107,72,43,76,34,74,66,52,92,55,34,81,69,88,34,39,48,51,56,99,74,80	71,106,98,51,66,75,115,121,101,80,57,126,74,112,115,121,122,70,57,79,95,62,104,64,92,85,118,81,68,52,85,93,84,94,56,127,79,81,76,86,126,73,96,57,42,110,124,82,92	87	75	2,09E-10	3,59E-07	0.155,0.159,0.262	0.353,0.268,0.419,0.437,0.38,0.4,0.307,0.2,0.403,0.447,0.431,0.305,0.536,0.32,0.363,0.333,0.402,0.441,0.359,0.447,0.441,0.327,0.419,0.482,0.36,0.429,0.338,0.532,0.477,0.416,0.435,0.24,0.432,0.377,0.445,0.384,0.375,0.266,0.479,0.409,0.376,0.286,0.259,0.421,0.511,0.305,0.408,0.438,0.428	-0,197
99720	ENSG00000061273	HDAC7	False	chr12	-	47795905	47796016	47795586	47795767	47796206	47796298	99720	153,156,131	301,159,323	171,307,327,187,244,222,316,379,320,317,275,387,197,262,349,297,500,247,145,195,200,200,254,194,166,356,247,334,205,242,135,262,225,327,219,501,238,258,202,207,372,218,207,196,176,282,369,287,423	130,158,243,148,187,215,225,137,246,232,127,184,198,138,167,195,206,221,152,194,186,160,257,235,160,233,137,175,209,178,168,187,220,188,124,286,115,148,158,206,320,131,189,167,101,179,171,133,145	150	75	3,06E-10	4,99E-07	0.203,0.329,0.169	0.397,0.493,0.402,0.387,0.395,0.34,0.413,0.58,0.394,0.406,0.52,0.513,0.332,0.487,0.511,0.432,0.548,0.358,0.323,0.334,0.35,0.385,0.331,0.292,0.342,0.433,0.474,0.488,0.329,0.405,0.287,0.412,0.338,0.465,0.469,0.467,0.509,0.466,0.39,0.334,0.368,0.454,0.354,0.37,0.466,0.441,0.519,0.519,0.593	-0,187
229825	ENSG00000182979	MTA1	False	chr14	+	105445417	105445507	105438671	105438739	105450057	105450324	229825	274,228,297	52,39,78	267,238,194,263,278,261,284,233,348,273,235,292,216,190,308,192,426,183,207,178,209,178,248,328,209,238,311,248,215,323,153,168,259,225,222,355,236,309,200,179,272,218,263,259,204,234,233,312,151	22,11,42,26,27,27,27,26,25,41,15,13,40,9,27,17,36,12,31,20,31,24,27,25,29,31,19,27,26,19,33,23,29,14,24,36,21,32,22,30,51,14,17,18,15,32,14,8,20	150	75	3,60E-10	5,74E-07	0.725,0.745,0.656	0.859,0.915,0.698,0.835,0.837,0.829,0.84,0.818,0.874,0.769,0.887,0.918,0.73,0.913,0.851,0.85,0.855,0.884,0.77,0.817,0.771,0.788,0.821,0.868,0.783,0.793,0.891,0.821,0.805,0.895,0.699,0.785,0.817,0.889,0.822,0.831,0.849,0.828,0.82,0.749,0.727,0.886,0.886,0.878,0.872,0.785,0.893,0.951,0.791	-0,123
229828	ENSG00000182979	MTA1	False	chr14	+	105445417	105445775	105438671	105438739	105450057	105450324	229828	274,228,296	52,39,78	267,239,194,263,278,261,284,233,348,272,232,292,216,190,308,191,426,183,207,178,211,177,248,328,209,238,311,248,215,323,153,168,258,225,222,356,236,308,200,179,272,218,263,259,204,234,233,311,152	22,11,42,26,27,27,27,26,25,41,15,13,40,9,27,17,36,12,31,20,31,24,27,25,29,31,19,27,26,19,33,23,29,14,24,36,21,32,22,30,51,14,17,18,15,32,14,8,20	150	75	3,89E-10	6,19E-07	0.725,0.745,0.655	0.859,0.916,0.698,0.835,0.837,0.829,0.84,0.818,0.874,0.768,0.885,0.918,0.73,0.913,0.851,0.849,0.855,0.884,0.77,0.817,0.773,0.787,0.821,0.868,0.783,0.793,0.891,0.821,0.805,0.895,0.699,0.785,0.816,0.889,0.822,0.832,0.849,0.828,0.82,0.749,0.727,0.886,0.886,0.878,0.872,0.785,0.893,0.951,0.792	-0,123
229898	ENSG00000226174	TEX22	False	chr14	+	105445417	105445852	105438671	105438739	105450057	105450106	229898	274,228,296	52,39,78	267,238,194,264,278,261,284,233,348,272,232,292,216,190,308,191,426,183,207,178,209,176,248,328,209,238,311,248,215,323,153,168,258,225,222,355,236,308,200,180,272,218,263,259,204,234,233,311,151	22,11,42,26,27,27,27,26,25,41,15,13,40,9,27,17,36,12,31,20,31,24,27,25,29,31,19,27,26,19,33,23,29,14,24,36,21,32,22,30,51,14,17,18,15,32,14,8,20	150	75	3,97E-10	6,28E-07	0.725,0.745,0.655	0.859,0.915,0.698,0.835,0.837,0.829,0.84,0.818,0.874,0.768,0.885,0.918,0.73,0.913,0.851,0.849,0.855,0.884,0.77,0.817,0.771,0.786,0.821,0.868,0.783,0.793,0.891,0.821,0.805,0.895,0.699,0.785,0.816,0.889,0.822,0.831,0.849,0.828,0.82,0.75,0.727,0.886,0.886,0.878,0.872,0.785,0.893,0.951,0.791	-0,123
384058	ENSG00000184634	MED12	MED12	chrX	+	71125698	71125713	71125350	71125495	71126035	71126154	384058	19,17,29	13,8,18	32,38,29,23,21,13,21,16,30,30,18,25,15,23,34,18,41,22,23,24,21,12,31,14,15,33,26,40,22,21,16,32,20,11,15,32,26,20,16,17,13,23,31,24,21,14,22,18,17	6,0,2,1,2,3,3,5,3,3,3,3,7,0,3,1,1,7,6,5,6,5,6,5,4,3,3,2,4,3,1,1,10,2,3,6,2,1,2,11,2,2,6,6,3,2,0,4,2	90	75	4,88E-10	7,43E-07	0.549,0.639,0.573	0.816,1.0,0.924,0.95,0.897,0.783,0.854,0.727,0.893,0.893,0.833,0.874,0.641,1.0,0.904,0.938,0.972,0.724,0.762,0.8,0.745,0.667,0.812,0.7,0.758,0.902,0.878,0.943,0.821,0.854,0.93,0.964,0.625,0.821,0.806,0.816,0.915,0.943,0.87,0.563,0.844,0.906,0.812,0.769,0.854,0.854,1.0,0.789,0.876	-0,254
221515	ENSG00000180096	SEPTIN1	False	chr16	-	30382524	30382626	30382092	30382365	30382734	30382815	221515	127,93,205	12,11,21	133,115,196,162,214,239,248,186,179,264,214,196,157,134,216,201,325,123,152,143,300,82,177,214,183,88,143,289,94,199,125,152,217,180,212,231,158,118,126,106,193,237,173,187,266,212,188,189,208	6,6,8,3,12,2,5,3,0,6,10,3,4,4,6,7,10,3,2,0,14,4,2,11,4,6,11,7,2,20,10,6,5,6,13,2,5,5,1,1,7,12,8,2,5,2,2,4,13	150	75	6,66E-10	9,68E-07	0.841,0.809,0.83	0.917,0.906,0.925,0.964,0.899,0.984,0.961,0.969,1.0,0.957,0.915,0.97,0.952,0.944,0.947,0.935,0.942,0.953,0.974,1.0,0.915,0.911,0.978,0.907,0.958,0.88,0.867,0.954,0.959,0.833,0.862,0.927,0.956,0.938,0.891,0.983,0.94,0.922,0.984,0.981,0.932,0.908,0.915,0.979,0.964,0.981,0.979,0.959,0.889	-0,113
261651	ENSG00000248487	ABHD14A	False	chr3	+	51980392	51980478	51978258	51978374	51980835	51981196	261651	27,21,34	6,9,17	26,35,32,45,42,36,42,35,53,34,49,82,31,34,86,29,67,31,27,38,42,21,51,47,35,42,43,34,15,37,17,24,31,47,44,82,38,54,30,21,43,51,36,37,33,20,54,58,23	9,0,4,4,4,2,2,4,6,7,4,4,4,0,2,6,3,2,1,3,4,1,3,2,5,0,3,5,1,4,7,5,4,0,1,6,0,0,0,5,4,4,0,3,4,1,2,4,1	150	75	8,00E-10	1,13E-06	0.692,0.538,0.5	0.591,1.0,0.8,0.849,0.84,0.9,0.913,0.814,0.815,0.708,0.86,0.911,0.795,1.0,0.956,0.707,0.918,0.886,0.931,0.864,0.84,0.913,0.895,0.922,0.778,1.0,0.878,0.773,0.882,0.822,0.548,0.706,0.795,1.0,0.957,0.872,1.0,1.0,1.0,0.677,0.843,0.864,1.0,0.86,0.805,0.909,0.931,0.879,0.92	-0,287
81303	ENSG00000213593	TMX2	TMX2	chr11	+	57737835	57738026	57737607	57737668	57738353	57738430	81303	285,385,698	220,229,540	331,275,295,349,296,267,374,324,354,273,289,258,349,235,496,301,420,297,337,340,425,379,360,343,383,330,355,354,318,349,411,247,281,265,239,354,334,311,269,314,229,278,307,305,335,197,321,323,253	109,66,94,108,187,175,195,105,146,104,75,182,164,72,182,125,106,210,264,204,211,123,216,169,225,96,150,123,139,123,226,89,192,72,124,211,111,105,149,149,194,129,113,165,130,118,87,87,64	150	75	8,57E-10	1,20E-06	0.393,0.457,0.393	0.603,0.676,0.611,0.618,0.442,0.433,0.49,0.607,0.548,0.568,0.658,0.415,0.516,0.62,0.577,0.546,0.665,0.414,0.39,0.455,0.502,0.606,0.455,0.504,0.46,0.632,0.542,0.59,0.534,0.587,0.476,0.581,0.423,0.648,0.491,0.456,0.601,0.597,0.474,0.513,0.371,0.519,0.576,0.48,0.563,0.455,0.648,0.65,0.664	-0,125
261654	ENSG00000248487	ABHD14A	False	chr3	+	51980392	51980627	51978258	51978374	51980835	51981196	261654	27,21,33	6,9,17	26,34,32,45,42,36,40,35,53,34,49,82,31,34,86,29,66,31,27,38,42,21,51,47,35,42,43,34,15,37,17,24,31,47,44,82,38,54,30,21,43,51,36,37,33,20,54,58,23	9,0,4,4,4,2,2,4,6,7,4,4,4,0,2,6,3,2,1,3,4,1,3,2,5,0,3,5,1,4,7,5,4,0,1,6,0,0,0,5,4,4,0,3,4,1,2,4,1	150	75	8,72E-10	1,21E-06	0.692,0.538,0.493	0.591,1.0,0.8,0.849,0.84,0.9,0.909,0.814,0.815,0.708,0.86,0.911,0.795,1.0,0.956,0.707,0.917,0.886,0.931,0.864,0.84,0.913,0.895,0.922,0.778,1.0,0.878,0.773,0.882,0.822,0.548,0.706,0.795,1.0,0.957,0.872,1.0,1.0,1.0,0.677,0.843,0.864,1.0,0.86,0.805,0.909,0.931,0.879,0.92	-0,289
238850	ENSG00000135506	OS9	False	chr12	+	57720098	57720304	57718992	57719182	57720405	57720518	238850	70,101,114	186,157,395	116,101,84,92,85,112,181,132,121,108,118,121,96,143,156,140,175,155,91,112,161,110,132,109,104,140,129,176,96,102,141,104,157,140,115,172,88,115,92,106,131,175,105,72,132,95,101,114,158	84,146,128,115,116,163,236,82,121,113,136,163,155,106,190,143,185,199,176,120,204,137,190,170,148,164,112,158,143,122,204,80,207,106,144,177,129,101,143,170,175,223,115,175,154,168,95,126,143	150	75	1,13E-09	1,56E-06	0.158,0.243,0.126	0.408,0.257,0.247,0.286,0.268,0.256,0.277,0.446,0.333,0.323,0.303,0.271,0.236,0.403,0.291,0.329,0.321,0.28,0.205,0.318,0.283,0.286,0.258,0.243,0.26,0.299,0.365,0.358,0.251,0.295,0.257,0.394,0.275,0.398,0.285,0.327,0.254,0.363,0.243,0.238,0.272,0.282,0.313,0.171,0.3,0.22,0.347,0.311,0.356	-0,122
140498	ENSG00000164896	FASTK	False	chr7	-	151077100	151077236	151076623	151076832	151077309	151077401	140498	71,61,138	12,4,11	74,85,68,77,88,60,52,80,98,108,45,116,98,57,99,74,158,108,73,79,73,62,115,136,62,122,80,75,87,73,75,63,66,64,63,126,72,106,90,106,151,55,96,84,67,158,94,80,56	2,0,1,0,5,1,3,3,1,4,0,1,4,0,1,0,7,2,3,0,2,2,5,4,7,2,3,2,0,0,5,0,5,2,1,2,3,2,2,4,9,2,0,10,0,6,1,2,0	150	75	1,18E-09	1,60E-06	0.747,0.884,0.863	0.949,1.0,0.971,1.0,0.898,0.968,0.897,0.93,0.98,0.931,1.0,0.983,0.925,1.0,0.98,1.0,0.919,0.964,0.924,1.0,0.948,0.939,0.92,0.944,0.816,0.968,0.93,0.949,1.0,1.0,0.882,1.0,0.868,0.941,0.969,0.969,0.923,0.964,0.957,0.93,0.893,0.932,1.0,0.808,1.0,0.929,0.979,0.952,1.0	-0,118
162435	ENSG00000156990	RPUSD3	False	chr3	-	9838984	9839171	9837848	9838207	9840183	9840307	162435	85,89,183	36,39,63	101,110,115,110,94,98,116,103,139,118,82,123,123,123,163,114,142,108,91,96,112,131,92,115,124,152,105,109,105,89,112,93,70,111,74,128,78,123,75,125,102,81,119,111,73,107,129,115,94	13,15,25,18,16,25,11,36,33,33,10,12,20,10,25,16,28,11,19,24,29,14,27,18,27,25,18,21,14,16,18,17,19,8,17,25,21,20,19,18,33,10,21,10,15,40,27,18,10	150	75	1,23E-09	1,65E-06	0.541,0.533,0.592	0.795,0.786,0.697,0.753,0.746,0.662,0.841,0.589,0.678,0.641,0.804,0.837,0.755,0.86,0.765,0.781,0.717,0.831,0.705,0.667,0.659,0.824,0.63,0.762,0.697,0.752,0.745,0.722,0.789,0.736,0.757,0.732,0.648,0.874,0.685,0.719,0.65,0.755,0.664,0.776,0.607,0.802,0.739,0.847,0.709,0.572,0.705,0.762,0.825	-0,18
162437	ENSG00000156990	RPUSD3	False	chr3	-	9839031	9839171	9837848	9838207	9840183	9840307	162437	214,236,459	36,39,63	262,246,250,227,215,259,304,272,305,247,197,310,281,311,351,254,374,286,200,250,303,269,242,275,289,375,279,328,248,208,280,248,165,281,194,305,187,300,178,244,324,203,252,211,171,274,317,249,264	13,15,25,18,16,25,11,36,33,33,10,12,20,10,25,16,28,11,19,24,29,14,27,18,27,25,18,21,14,16,18,17,19,8,17,25,21,20,19,18,33,10,21,10,15,40,27,18,10	150	75	1,45E-09	1,89E-06	0.748,0.752,0.785	0.91,0.891,0.833,0.863,0.87,0.838,0.933,0.791,0.822,0.789,0.908,0.928,0.875,0.94,0.875,0.888,0.87,0.929,0.84,0.839,0.839,0.906,0.818,0.884,0.843,0.882,0.886,0.886,0.899,0.867,0.886,0.879,0.813,0.946,0.851,0.859,0.817,0.882,0.824,0.871,0.831,0.91,0.857,0.913,0.851,0.774,0.854,0.874,0.93	-0,107
261657	ENSG00000248487	ABHD14A	False	chr3	+	51980392	51980651	51978258	51978374	51980835	51981196	261657	28,22,33	6,9,17	26,34,32,45,42,36,39,35,53,34,49,82,31,34,86,29,66,31,27,38,42,21,51,47,35,42,44,34,15,37,17,24,31,47,44,82,38,54,30,21,43,51,36,37,33,20,54,58,23	9,0,4,4,4,2,2,4,6,7,4,4,4,0,2,6,3,2,1,3,4,1,3,2,5,0,3,5,1,4,7,5,4,0,1,6,0,0,0,5,4,4,0,3,4,1,2,4,1	150	75	1,69E-09	2,12E-06	0.7,0.55,0.493	0.591,1.0,0.8,0.849,0.84,0.9,0.907,0.814,0.815,0.708,0.86,0.911,0.795,1.0,0.956,0.707,0.917,0.886,0.931,0.864,0.84,0.913,0.895,0.922,0.778,1.0,0.88,0.773,0.882,0.822,0.548,0.706,0.795,1.0,0.957,0.872,1.0,1.0,1.0,0.677,0.843,0.864,1.0,0.86,0.805,0.909,0.931,0.879,0.92	-0,283
341794	ENSG00000169689	CENPX	False	chr17	-	82019644	82019694	82019307	82019381	82019857	82019909	341794	19,25,45	116,76,201	26,21,38,19,37,35,32,21,52,33,32,34,24,20,33,27,48,41,47,37,18,17,46,42,31,26,33,35,43,29,41,28,25,15,22,58,34,36,43,41,37,36,31,41,31,37,27,31,21	44,48,66,36,62,99,68,53,92,74,52,63,56,36,45,44,72,82,76,75,74,50,90,83,76,61,60,72,98,62,62,71,68,18,72,100,42,66,51,106,111,60,54,66,61,85,55,51,48	125	75	1,95E-09	2,42E-06	0.089,0.165,0.118	0.262,0.208,0.257,0.241,0.264,0.175,0.22,0.192,0.253,0.211,0.27,0.245,0.205,0.25,0.306,0.269,0.286,0.231,0.271,0.228,0.127,0.169,0.235,0.233,0.197,0.204,0.248,0.226,0.208,0.219,0.284,0.191,0.181,0.333,0.155,0.258,0.327,0.247,0.336,0.188,0.167,0.265,0.256,0.272,0.234,0.207,0.228,0.267,0.208	-0,111
38003	ENSG00000135506	OS9	False	chr12	+	57720098	57720263	57718992	57719182	57720405	57720518	38003	108,155,176	186,157,395	184,160,159,168,147,185,334,227,199,181,195,214,166,224,293,241,305,235,153,179,283,156,238,189,171,216,221,281,175,165,209,165,262,211,202,311,157,167,174,165,223,281,162,121,216,171,184,190,255	84,146,128,115,116,163,236,82,121,113,136,163,155,106,190,143,185,199,176,120,204,137,190,170,148,164,112,158,143,122,204,80,207,106,144,177,129,101,143,170,175,223,115,175,154,168,95,126,143	150	75	2,10E-09	2,57E-06	0.225,0.33,0.182	0.523,0.354,0.383,0.422,0.388,0.362,0.414,0.581,0.451,0.445,0.418,0.396,0.349,0.514,0.435,0.457,0.452,0.371,0.303,0.427,0.41,0.363,0.385,0.357,0.366,0.397,0.497,0.471,0.38,0.403,0.339,0.508,0.388,0.499,0.412,0.468,0.378,0.453,0.378,0.327,0.389,0.387,0.413,0.257,0.412,0.337,0.492,0.43,0.471	-0,167
399356	ENSG00000154079	SDHAF4	False	chr6	+	70576819	70576862	70566929	70567004	70579413	70579566	399356	8,12,9	40,19,58	3,0,4,4,0,5,1,1,0,4,0,3,3,0,3,3,5,4,0,2,5,2,0,7,3,5,7,5,2,2,6,1,2,4,1,6,2,2,1,0,1,3,3,0,1,1,4,4,4	47,41,59,43,50,22,25,45,48,44,47,47,46,44,51,37,93,40,21,50,34,51,34,51,45,53,60,48,61,35,20,46,40,53,42,79,45,47,30,49,45,49,61,47,31,57,43,72,40	118	75	2,30E-09	2,77E-06	0.113,0.286,0.09	0.039,0.0,0.041,0.056,0.0,0.126,0.025,0.014,0.0,0.055,0.0,0.039,0.04,0.0,0.036,0.049,0.033,0.06,0.0,0.025,0.085,0.024,0.0,0.08,0.041,0.057,0.069,0.062,0.02,0.035,0.16,0.014,0.031,0.046,0.015,0.046,0.027,0.026,0.021,0.0,0.014,0.037,0.03,0.0,0.02,0.011,0.056,0.034,0.06	0,127
295271	ENSG00000213593	TMX2	TMX2	chr11	+	57737820	57738026	57737607	57737668	57738353	57738417	295271	281,380,685	220,229,540	322,271,289,337,286,263,367,315,349,264,277,252,339,228,482,295,399,292,331,332,414,371,349,332,375,322,335,343,311,346,405,244,276,256,236,342,327,297,254,304,215,270,298,298,327,192,311,312,241	109,66,94,108,187,175,195,105,146,104,75,182,164,72,182,125,106,210,264,204,211,123,216,169,225,96,150,123,139,123,226,89,192,72,124,211,111,105,149,149,194,129,113,165,130,118,87,87,64	150	75	2,30E-09	2,77E-06	0.39,0.453,0.388	0.596,0.672,0.606,0.609,0.433,0.429,0.485,0.6,0.544,0.559,0.649,0.409,0.508,0.613,0.57,0.541,0.653,0.41,0.385,0.449,0.495,0.601,0.447,0.496,0.455,0.626,0.528,0.582,0.528,0.584,0.473,0.578,0.418,0.64,0.488,0.448,0.596,0.586,0.46,0.505,0.357,0.511,0.569,0.475,0.557,0.449,0.641,0.642,0.653	-0,122
81302	ENSG00000213593	TMX2	TMX2	chr11	+	57737785	57738026	57737607	57737668	57738353	57738417	81302	281,380,686	220,229,540	326,272,291,337,286,263,367,315,349,264,277,252,340,228,482,294,399,292,331,332,414,371,350,333,375,322,335,344,311,346,405,244,276,256,236,342,327,297,254,304,215,270,299,298,326,192,311,312,241	109,66,94,108,187,175,195,105,146,104,75,182,164,72,182,125,106,210,264,204,211,123,216,169,225,96,150,123,139,123,226,89,192,72,124,211,111,105,149,149,194,129,113,165,130,118,87,87,64	150	75	2,30E-09	2,77E-06	0.39,0.453,0.388	0.599,0.673,0.608,0.609,0.433,0.429,0.485,0.6,0.544,0.559,0.649,0.409,0.509,0.613,0.57,0.54,0.653,0.41,0.385,0.449,0.495,0.601,0.448,0.496,0.455,0.626,0.528,0.583,0.528,0.584,0.473,0.578,0.418,0.64,0.488,0.448,0.596,0.586,0.46,0.505,0.357,0.511,0.57,0.475,0.556,0.449,0.641,0.642,0.653	-0,123
195544	ENSG00000076928	ARHGEF1	False	chr19	+	41898014	41898113	41896376	41896482	41898441	41898587	195544	34,34,81	99,96,165	45,69,99,61,45,86,54,37,97,83,43,78,69,59,100,64,113,79,42,72,78,52,102,72,66,89,74,92,107,49,63,51,85,91,51,93,71,57,71,63,108,29,48,49,56,111,101,68,103	71,106,98,51,66,75,115,121,101,80,57,126,74,112,115,121,122,70,57,79,95,62,104,64,92,85,118,81,68,52,85,93,84,94,56,127,79,81,76,86,126,73,96,57,42,110,124,82,92	150	75	2,35E-09	2,80E-06	0.147,0.15,0.197	0.241,0.246,0.336,0.374,0.254,0.364,0.19,0.133,0.324,0.342,0.274,0.236,0.318,0.208,0.303,0.209,0.317,0.361,0.269,0.313,0.291,0.295,0.329,0.36,0.264,0.344,0.239,0.362,0.44,0.32,0.27,0.215,0.336,0.326,0.313,0.268,0.31,0.26,0.318,0.268,0.3,0.166,0.2,0.301,0.4,0.335,0.289,0.293,0.359	-0,129
55836	ENSG00000248487	ABHD14A	False	chr3	+	51980392	51980628	51978258	51978374	51980835	51981196	55836	81,52,83	6,9,17	53,84,79,76,77,65,81,72,96,77,75,138,60,71,136,57,117,74,54,68,71,47,83,81,57,73,86,69,26,86,40,63,63,68,89,138,79,93,56,51,70,110,80,62,74,43,88,105,55	9,0,4,4,4,2,2,4,6,7,4,4,4,0,2,6,3,2,1,3,4,1,3,2,5,0,3,5,1,4,7,5,4,0,1,6,0,0,0,5,4,4,0,3,4,1,2,4,1	150	75	2,63E-09	3,08E-06	0.871,0.743,0.709	0.746,1.0,0.908,0.905,0.906,0.942,0.953,0.9,0.889,0.846,0.904,0.945,0.882,1.0,0.971,0.826,0.951,0.949,0.964,0.919,0.899,0.959,0.933,0.953,0.851,1.0,0.935,0.873,0.929,0.915,0.741,0.863,0.887,1.0,0.978,0.92,1.0,1.0,1.0,0.836,0.897,0.932,1.0,0.912,0.902,0.956,0.957,0.929,0.965	-0,149
6895	ENSG00000076928	ARHGEF1	False	chr19	+	41897945	41898113	41896376	41896482	41898441	41898587	6895	34,34,89	99,96,165	47,70,102,66,48,88,56,39,100,84,46,79,71,60,107,67,115,79,44,73,85,54,108,74,70,91,76,96,107,52,64,54,87,96,54,98,73,60,72,70,109,30,49,49,57,117,109,73,105	71,106,98,51,66,75,115,121,101,80,57,126,74,112,115,121,122,70,57,79,95,62,104,64,92,85,118,81,68,52,85,93,84,94,56,127,79,81,76,86,126,73,96,57,42,110,124,82,92	150	75	2,68E-09	3,13E-06	0.147,0.15,0.212	0.249,0.248,0.342,0.393,0.267,0.37,0.196,0.139,0.331,0.344,0.287,0.239,0.324,0.211,0.318,0.217,0.32,0.361,0.278,0.316,0.309,0.303,0.342,0.366,0.276,0.349,0.244,0.372,0.44,0.333,0.274,0.225,0.341,0.338,0.325,0.278,0.316,0.27,0.321,0.289,0.302,0.17,0.203,0.301,0.404,0.347,0.305,0.308,0.363	-0,132
256861	ENSG00000129187	DCTD	False	chr4	-	182916672	182916725	182915460	182915575	182917287	182917477	256861	21,6,34	49,51,69	9,5,16,4,17,6,6,14,6,8,11,11,8,4,20,10,4,18,6,7,7,9,9,10,8,10,7,3,15,7,7,12,1,10,5,4,3,12,6,6,9,7,5,13,4,6,8,12,7	62,48,78,73,99,78,83,99,133,91,69,106,96,68,123,78,133,101,99,99,86,54,97,67,71,39,64,108,80,74,50,61,85,63,67,118,62,53,78,73,102,85,64,79,79,89,86,86,51	128	75	3,57E-09	3,97E-06	0.201,0.064,0.224	0.078,0.058,0.107,0.031,0.091,0.043,0.041,0.077,0.026,0.049,0.085,0.057,0.047,0.033,0.087,0.07,0.017,0.095,0.034,0.04,0.046,0.089,0.052,0.08,0.062,0.131,0.06,0.016,0.099,0.053,0.076,0.103,0.007,0.085,0.042,0.019,0.028,0.117,0.043,0.046,0.049,0.046,0.044,0.088,0.029,0.038,0.052,0.076,0.074	0,103
341796	ENSG00000169689	CENPX	False	chr17	-	82019653	82019694	82019307	82019381	82019857	82019909	341796	15,19,40	116,76,201	24,18,31,16,27,32,28,16,46,25,29,31,21,19,32,23,39,37,39,32,14,17,39,37,25,21,26,29,38,25,36,26,20,12,20,54,30,29,36,35,31,32,27,32,24,30,23,24,16	44,48,66,36,62,99,68,53,92,74,52,63,56,36,45,44,72,82,76,75,74,50,90,83,76,61,60,72,98,62,62,71,68,18,72,100,42,66,51,106,111,60,54,66,61,85,55,51,48	116	75	3,63E-09	4,01E-06	0.077,0.139,0.114	0.261,0.195,0.233,0.223,0.22,0.173,0.21,0.163,0.244,0.179,0.265,0.241,0.195,0.254,0.315,0.253,0.259,0.226,0.249,0.216,0.109,0.18,0.219,0.224,0.175,0.182,0.219,0.207,0.2,0.207,0.273,0.191,0.16,0.301,0.152,0.259,0.316,0.221,0.313,0.176,0.153,0.256,0.244,0.239,0.203,0.186,0.213,0.233,0.177	-0,11
118978	ENSG00000126254	RBM42	False	chr19	+	35632935	35633001	35631330	35631405	35633097	35633252	118978	166,250,438	41,38,65	187,191,193,163,155,237,229,198,309,201,107,244,149,213,234,169,222,249,148,203,292,216,190,206,197,184,215,225,172,142,211,284,162,151,158,294,151,198,143,181,273,162,145,158,176,237,215,176,214	10,22,12,11,18,16,15,13,18,16,8,24,17,13,15,14,10,26,13,15,33,12,25,19,24,16,13,16,16,11,28,19,18,9,9,16,11,22,15,18,33,11,9,11,8,33,13,9,10	141	75	3,66E-09	4,02E-06	0.683,0.778,0.782	0.909,0.822,0.895,0.887,0.821,0.887,0.89,0.89,0.901,0.87,0.877,0.844,0.823,0.897,0.892,0.865,0.922,0.836,0.858,0.878,0.825,0.905,0.802,0.852,0.814,0.859,0.898,0.882,0.851,0.873,0.8,0.888,0.827,0.899,0.903,0.907,0.88,0.827,0.835,0.842,0.815,0.887,0.896,0.884,0.921,0.793,0.898,0.912,0.919	-0,121
305416	ENSG00000143398	PIP5K1A	False	chr1	+	151242127	151242269	151239954	151240039	151242437	151242567	305416	37,50,96	5,5,12	66,57,68,54,44,54,61,47,45,88,26,91,52,36,113,48,88,39,35,54,62,62,66,71,74,93,85,67,58,36,26,43,72,38,45,82,67,71,49,104,54,36,59,51,64,62,73,85,67	1,1,2,0,1,2,2,0,2,1,0,2,1,0,5,1,1,2,1,4,3,2,5,3,4,2,4,4,2,1,2,2,3,2,2,2,3,0,2,4,1,0,2,3,1,0,1,3,0	150	75	4,16E-09	4,45E-06	0.787,0.833,0.8	0.971,0.966,0.944,1.0,0.957,0.931,0.938,1.0,0.918,0.978,1.0,0.958,0.963,1.0,0.919,0.96,0.978,0.907,0.946,0.871,0.912,0.939,0.868,0.922,0.902,0.959,0.914,0.893,0.935,0.947,0.867,0.915,0.923,0.905,0.918,0.953,0.918,1.0,0.925,0.929,0.964,1.0,0.937,0.895,0.97,1.0,0.973,0.934,1.0	-0,137
81306	ENSG00000213593	TMX2	TMX2	chr11	+	57737912	57738026	57737607	57737668	57738353	57738430	81306	538,774,1394	220,229,540	574,470,560,658,572,534,795,614,696,504,542,481,638,445,924,567,778,558,662,661,844,708,676,634,771,598,648,684,571,656,725,458,574,498,503,699,658,566,521,578,518,591,548,584,656,425,648,586,492	109,66,94,108,187,175,195,105,146,104,75,182,164,72,182,125,106,210,264,204,211,123,216,169,225,96,150,123,139,123,226,89,192,72,124,211,111,105,149,149,194,129,113,165,130,118,87,87,64	150	75	4,19E-09	4,47E-06	0.55,0.628,0.563	0.725,0.781,0.749,0.753,0.605,0.604,0.671,0.745,0.704,0.708,0.783,0.569,0.66,0.756,0.717,0.694,0.786,0.571,0.556,0.618,0.667,0.742,0.61,0.652,0.631,0.757,0.684,0.735,0.673,0.727,0.616,0.72,0.599,0.776,0.67,0.624,0.748,0.729,0.636,0.66,0.572,0.696,0.708,0.639,0.716,0.643,0.788,0.771,0.794	-0,108
74061	ENSG00000071564	TCF3	False	chr19	-	1615284	1615520	1612206	1612433	1615685	1615804	74061	94,101,182	122,143,232	87,104,147,87,111,126,141,116,154,193,112,193,177,97,193,165,160,133,83,106,144,104,113,119,182,142,139,198,203,93,149,97,134,108,107,179,102,95,119,91,154,87,99,126,92,190,139,146,181	63,51,89,61,100,132,125,151,154,119,74,105,122,70,121,117,122,95,69,94,128,62,105,99,109,102,99,159,120,77,95,110,93,112,77,156,92,82,95,63,171,64,86,78,86,115,81,85,117	150	75	4,31E-09	4,57E-06	0.278,0.261,0.282	0.408,0.505,0.452,0.416,0.357,0.323,0.361,0.278,0.333,0.448,0.431,0.479,0.42,0.409,0.444,0.414,0.396,0.412,0.376,0.361,0.36,0.456,0.35,0.375,0.455,0.41,0.412,0.384,0.458,0.377,0.44,0.306,0.419,0.325,0.41,0.365,0.357,0.367,0.385,0.419,0.31,0.405,0.365,0.447,0.348,0.452,0.462,0.462,0.436	-0,125
400056	ENSG00000198771	RCSD1	False	chr1	+	167685427	167685510	167683899	167684001	167690048	167690120	400056	85,54,93	5,6,25	127,142,140,110,113,88,96,178,205,153,185,167,116,124,252,99,306,114,77,95,118,121,108,149,68,113,133,135,94,109,55,125,97,201,53,299,128,143,109,68,146,131,155,87,101,146,194,139,153	6,4,10,10,6,5,8,11,2,8,3,3,1,1,9,3,13,3,1,2,2,4,1,2,3,5,7,2,0,3,1,1,4,5,0,4,3,8,4,3,3,2,4,4,7,2,7,3,0	150	75	4,52E-09	4,69E-06	0.895,0.818,0.65	0.914,0.947,0.875,0.846,0.904,0.898,0.857,0.89,0.981,0.905,0.969,0.965,0.983,0.984,0.933,0.943,0.922,0.95,0.975,0.96,0.967,0.938,0.982,0.974,0.919,0.919,0.905,0.971,1.0,0.948,0.965,0.984,0.924,0.953,1.0,0.974,0.955,0.899,0.932,0.919,0.961,0.97,0.951,0.916,0.878,0.973,0.933,0.959,1.0	-0,155
167932	ENSG00000173264	GPR137	False	chr11	+	64288064	64288214	64287720	64287946	64288339	64288468	167932	62,93,79	29,21,37	93,74,98,68,121,89,144,123,129,90,84,156,92,81,141,126,149,115,117,131,110,69,119,121,75,96,100,85,82,112,85,78,82,75,76,189,82,120,106,92,54,118,86,82,97,78,75,121,69	6,5,7,3,18,22,13,9,11,6,8,14,16,5,11,7,16,17,25,28,24,6,16,20,11,9,12,5,6,15,19,3,14,5,16,12,13,10,19,13,15,15,6,21,4,13,4,11,3	150	75	4,91E-09	5,02E-06	0.517,0.689,0.516	0.886,0.881,0.875,0.919,0.771,0.669,0.847,0.872,0.854,0.882,0.84,0.848,0.742,0.89,0.865,0.9,0.823,0.772,0.701,0.701,0.696,0.852,0.788,0.752,0.773,0.842,0.806,0.895,0.872,0.789,0.691,0.929,0.745,0.882,0.704,0.887,0.759,0.857,0.736,0.78,0.643,0.797,0.878,0.661,0.924,0.75,0.904,0.846,0.92	-0,24
138979	ENSG00000061938	TNK2	False	chr3	-	195867168	195867264	195866888	195867016	195867360	195868709	138979	109,84,126	11,6,25	126,187,196,130,140,114,168,196,207,250,210,265,227,161,215,214,415,170,151,138,171,132,188,150,140,294,141,172,230,168,113,135,199,215,190,311,154,199,168,173,192,175,160,113,134,155,191,230,199	8,6,10,5,4,6,6,3,8,8,6,8,12,5,6,3,11,3,3,3,12,5,11,8,1,7,1,4,9,5,5,5,16,5,1,20,3,1,9,17,12,5,5,7,2,3,2,7,3	150	75	5,17E-09	5,23E-06	0.832,0.875,0.716	0.887,0.94,0.907,0.929,0.946,0.905,0.933,0.97,0.928,0.94,0.946,0.943,0.904,0.942,0.947,0.973,0.95,0.966,0.962,0.958,0.877,0.93,0.895,0.904,0.986,0.955,0.986,0.956,0.927,0.944,0.919,0.931,0.861,0.956,0.99,0.886,0.962,0.99,0.903,0.836,0.889,0.946,0.941,0.89,0.971,0.963,0.979,0.943,0.971	-0,128
141747	ENSG00000274272	NA	False	chr7	-	100577272	100577389	100577085	100577154	100577496	100577558	141747	84,106,154	16,3,12	81,91,142,142,126,159,155,159,214,124,194,213,165,145,179,155,235,158,113,130,140,58,176,136,146,110,173,174,92,140,120,115,168,158,134,261,102,123,122,69,148,126,119,108,132,152,168,139,142	2,3,4,5,0,0,4,0,4,0,9,4,3,5,2,2,5,7,2,6,2,0,1,0,0,5,3,5,0,2,0,5,3,5,3,8,3,3,2,1,3,3,6,2,2,1,2,6,4	150	75	5,94E-09	5,88E-06	0.724,0.946,0.865	0.953,0.938,0.947,0.934,1.0,1.0,0.951,1.0,0.964,1.0,0.915,0.964,0.965,0.935,0.978,0.975,0.959,0.919,0.966,0.915,0.972,1.0,0.989,1.0,1.0,0.917,0.966,0.946,1.0,0.972,1.0,0.92,0.966,0.94,0.957,0.942,0.944,0.953,0.968,0.972,0.961,0.955,0.908,0.964,0.971,0.987,0.977,0.921,0.947	-0,116
296235	ENSG00000058272	PPP1R12A	PPP1R12A	chr12	-	79806165	79806181	79798493	79798584	79807225	79807330	296235	16,24,27	33,58,103	51,30,31,29,33,22,43,42,32,45,50,31,32,23,55,35,58,26,28,47,36,41,41,50,34,32,49,45,52,35,23,31,42,48,41,50,36,31,34,28,55,23,40,44,31,48,20,37,27	53,40,33,28,41,41,39,30,40,47,26,25,49,33,29,35,36,39,25,61,38,39,29,58,42,43,41,66,60,39,31,32,62,53,66,37,31,33,32,35,42,26,45,48,45,39,48,45,50	91	75	6,14E-09	6,04E-06	0.286,0.254,0.178	0.442,0.382,0.436,0.461,0.399,0.307,0.476,0.536,0.397,0.441,0.613,0.505,0.35,0.365,0.61,0.452,0.57,0.355,0.48,0.388,0.438,0.464,0.538,0.415,0.4,0.38,0.496,0.36,0.417,0.425,0.379,0.444,0.358,0.427,0.339,0.527,0.489,0.436,0.467,0.397,0.519,0.422,0.423,0.43,0.362,0.504,0.256,0.404,0.308	-0,193
70187	ENSG00000196235	SUPT5H	False	chr19	+	39458293	39458305	39457674	39457740	39458817	39458887	70187	345,396,612	123,57,139	263,385,389,356,324,465,520,421,472,430,398,383,364,292,588,439,554,326,394,341,550,347,378,390,356,354,363,588,380,439,371,250,348,396,472,530,300,324,316,268,566,340,409,351,507,479,461,300,441	45,22,35,38,31,42,48,29,93,35,26,49,62,29,41,47,67,29,61,39,74,31,20,51,46,51,48,33,33,73,52,41,21,29,46,70,19,47,36,39,59,36,34,49,106,46,38,37,15	87	75	6,37E-09	6,22E-06	0.707,0.857,0.791	0.834,0.938,0.905,0.89,0.9,0.905,0.903,0.926,0.814,0.914,0.93,0.871,0.835,0.897,0.925,0.89,0.877,0.906,0.848,0.883,0.865,0.906,0.942,0.868,0.87,0.857,0.867,0.939,0.908,0.838,0.86,0.84,0.935,0.922,0.898,0.867,0.932,0.856,0.883,0.856,0.892,0.891,0.912,0.861,0.805,0.9,0.913,0.875,0.962	-0,103
359075	ENSG00000135317	SNX14	SNX14	chr6	-	85514069	85514217	85507967	85513895	85514505	85514629	359075	69,120,174	10,21,35	159,150,219,161,110,123,237,156,168,178,217,194,216,102,264,198,293,161,107,156,162,179,193,219,258,205,255,315,155,172,111,115,211,180,210,222,144,166,177,145,133,136,170,113,181,149,225,231,228	9,17,3,8,15,8,35,3,5,4,20,10,22,2,22,9,17,6,11,6,35,13,17,7,17,17,6,20,25,9,7,19,13,13,31,13,13,1,14,11,12,13,8,28,15,5,14,9,12	150	75	1,35E-08	1,19E-05	0.775,0.741,0.713	0.898,0.815,0.973,0.91,0.786,0.885,0.772,0.963,0.944,0.957,0.844,0.907,0.831,0.962,0.857,0.917,0.896,0.931,0.829,0.929,0.698,0.873,0.85,0.94,0.884,0.858,0.955,0.887,0.756,0.905,0.888,0.752,0.89,0.874,0.772,0.895,0.847,0.988,0.863,0.868,0.847,0.84,0.914,0.669,0.858,0.937,0.889,0.928,0.905	-0,131
359078	ENSG00000135317	SNX14	SNX14	chr6	-	85514069	85514246	85507967	85513895	85514505	85514629	359078	69,120,174	10,21,35	159,149,219,161,110,123,238,156,168,178,217,194,216,102,264,198,293,161,107,156,162,179,193,219,258,205,255,315,155,172,111,115,211,180,210,222,144,166,177,145,133,136,170,113,181,149,225,231,228	9,17,3,8,15,8,35,3,5,4,20,10,22,2,22,9,17,6,11,6,35,13,17,7,17,17,6,20,25,9,7,19,13,13,31,13,13,1,14,11,12,13,8,28,15,5,14,9,12	150	75	1,35E-08	1,19E-05	0.775,0.741,0.713	0.898,0.814,0.973,0.91,0.786,0.885,0.773,0.963,0.944,0.957,0.844,0.907,0.831,0.962,0.857,0.917,0.896,0.931,0.829,0.929,0.698,0.873,0.85,0.94,0.884,0.858,0.955,0.887,0.756,0.905,0.888,0.752,0.89,0.874,0.772,0.895,0.847,0.988,0.863,0.868,0.847,0.84,0.914,0.669,0.858,0.937,0.889,0.928,0.905	-0,131
101103	ENSG00000136717	BIN1	BIN1	chr2	-	127051153	127051243	127050801	127050912	127057472	127057601	101103	43,58,90	31,29,29	120,95,110,91,157,161,139,96,154,124,145,135,61,149,160,101,201,128,82,87,137,91,92,117,85,130,86,151,94,89,121,139,110,140,80,154,93,101,76,106,104,163,93,104,119,91,134,154,143	15,18,12,16,27,17,26,14,28,21,20,24,14,30,31,19,20,28,12,7,25,13,16,16,7,18,16,16,16,14,16,20,18,23,18,35,19,18,9,29,14,14,12,20,11,12,23,21,11	150	75	1,36E-08	1,19E-05	0.41,0.5,0.608	0.8,0.725,0.821,0.74,0.744,0.826,0.728,0.774,0.733,0.747,0.784,0.738,0.685,0.713,0.721,0.727,0.834,0.696,0.774,0.861,0.733,0.778,0.742,0.785,0.859,0.783,0.729,0.825,0.746,0.761,0.791,0.777,0.753,0.753,0.69,0.688,0.71,0.737,0.809,0.646,0.788,0.853,0.795,0.722,0.844,0.791,0.744,0.786,0.867	-0,258
35958	ENSG00000167895	TMC8	False	chr17	+	78137234	78137323	78134948	78135009	78138004	78138071	35958	90,56,173	16,14,17	155,152,167,146,133,109,87,125,153,205,102,168,147,150,233,160,236,95,94,103,125,135,136,196,131,201,164,163,122,103,56,110,134,187,104,162,138,164,85,107,149,92,158,119,111,188,175,181,164	8,6,5,3,5,6,10,12,12,5,5,10,7,11,12,8,19,3,5,3,9,16,2,10,6,9,21,6,4,2,8,8,3,3,7,5,0,7,0,3,3,2,6,2,9,5,6,3,6	150	75	1,36E-08	1,19E-05	0.738,0.667,0.836	0.906,0.927,0.944,0.961,0.93,0.901,0.813,0.839,0.864,0.953,0.911,0.894,0.913,0.872,0.907,0.909,0.861,0.941,0.904,0.945,0.874,0.808,0.971,0.907,0.916,0.918,0.796,0.931,0.938,0.963,0.778,0.873,0.957,0.969,0.881,0.942,1.0,0.921,1.0,0.947,0.961,0.958,0.929,0.967,0.86,0.949,0.936,0.968,0.932	-0,168
373813	ENSG00000164896	FASTK	False	chr7	-	151076912	151077214	151076623	151076832	151077309	151077780	373813	37,29,54	12,4,11	32,22,49,31,44,31,44,33,41,53,26,70,69,24,51,49,74,47,22,44,43,39,64,70,25,65,60,33,65,35,54,25,56,36,43,58,42,31,46,66,57,31,51,35,30,79,44,55,45	2,0,1,0,5,1,3,3,1,4,0,1,4,0,1,0,7,2,3,0,2,2,5,4,7,2,3,2,0,0,5,0,5,2,1,2,3,2,2,4,9,2,0,10,0,6,1,2,0	150	75	1,54E-08	1,33E-05	0.607,0.784,0.711	0.889,1.0,0.961,1.0,0.815,0.939,0.88,0.846,0.953,0.869,1.0,0.972,0.896,1.0,0.962,1.0,0.841,0.922,0.786,1.0,0.915,0.907,0.865,0.897,0.641,0.942,0.909,0.892,1.0,1.0,0.844,1.0,0.848,0.9,0.956,0.935,0.875,0.886,0.92,0.892,0.76,0.886,1.0,0.636,1.0,0.868,0.957,0.932,1.0	-0,209
373812	ENSG00000164896	FASTK	False	chr7	-	151076912	151077144	151076623	151076832	151077309	151077780	373812	37,29,54	12,4,11	32,22,49,31,44,31,44,33,41,54,26,70,69,25,51,49,70,47,22,44,43,39,64,70,25,65,60,33,65,35,54,25,56,36,43,58,42,31,46,66,57,31,51,35,30,79,44,53,45	2,0,1,0,5,1,3,3,1,4,0,1,4,0,1,0,7,2,3,0,2,2,5,4,7,2,3,2,0,0,5,0,5,2,1,2,3,2,2,4,9,2,0,10,0,6,1,2,0	150	75	1,60E-08	1,37E-05	0.607,0.784,0.711	0.889,1.0,0.961,1.0,0.815,0.939,0.88,0.846,0.953,0.871,1.0,0.972,0.896,1.0,0.962,1.0,0.833,0.922,0.786,1.0,0.915,0.907,0.865,0.897,0.641,0.942,0.909,0.892,1.0,1.0,0.844,1.0,0.848,0.9,0.956,0.935,0.875,0.886,0.92,0.892,0.76,0.886,1.0,0.636,1.0,0.868,0.957,0.93,1.0	-0,209
59842	ENSG00000163660	CCNL1	False	chr3	-	157157010	157157083	157153035	157153156	157158865	157158975	59842	24,17,55	110,93,181	91,25,69,35,27,13,24,36,15,115,16,44,125,11,40,19,99,29,27,44,35,24,82,99,57,117,71,42,108,19,26,10,99,33,36,82,49,66,84,84,51,14,56,31,28,69,64,81,61	88,52,72,86,80,76,73,86,78,105,77,104,85,72,109,87,113,111,78,96,90,93,107,110,91,118,92,136,144,68,61,63,87,105,85,136,80,90,70,84,118,47,77,70,106,84,80,95,94	148	75	1,65E-08	1,40E-05	0.1,0.085,0.133	0.344,0.196,0.327,0.171,0.146,0.08,0.143,0.175,0.089,0.357,0.095,0.177,0.427,0.072,0.157,0.1,0.307,0.117,0.149,0.188,0.165,0.116,0.28,0.313,0.241,0.334,0.281,0.135,0.275,0.124,0.178,0.074,0.366,0.137,0.177,0.234,0.237,0.271,0.378,0.336,0.18,0.131,0.269,0.183,0.118,0.294,0.288,0.302,0.247	-0,108
35960	ENSG00000167895	TMC8	False	chr17	+	78137234	78137358	78134869	78135009	78138004	78138188	35960	90,56,174	16,14,17	155,152,167,145,134,109,85,125,150,205,102,168,144,150,233,159,235,94,93,103,125,134,136,196,129,198,164,163,121,103,56,110,133,186,104,162,138,164,84,104,149,92,158,116,111,188,175,179,162	8,6,5,3,5,6,10,12,12,5,5,10,7,11,12,8,19,3,5,3,9,16,2,10,6,9,21,6,4,2,8,8,3,3,7,5,0,7,0,3,3,2,6,2,9,5,6,3,6	150	75	1,68E-08	1,43E-05	0.738,0.667,0.837	0.906,0.927,0.944,0.96,0.931,0.901,0.81,0.839,0.862,0.953,0.911,0.894,0.911,0.872,0.907,0.909,0.861,0.94,0.903,0.945,0.874,0.807,0.971,0.907,0.915,0.917,0.796,0.931,0.938,0.963,0.778,0.873,0.957,0.969,0.881,0.942,1.0,0.921,1.0,0.945,0.961,0.958,0.929,0.967,0.86,0.949,0.936,0.968,0.931	-0,168
405517	ENSG00000152556	PFKM	False	chr12	+	48135347	48135383	48134942	48135038	48137720	48137815	405517	27,75,138	21,21,71	79,38,70,76,70,71,89,79,117,104,72,76,140,51,115,71,108,53,53,75,92,66,73,81,121,45,132,95,80,63,66,48,55,74,83,109,97,52,53,60,134,31,63,54,60,136,115,83,109	7,6,9,16,6,16,17,10,10,10,8,10,24,7,18,10,4,9,9,16,21,8,10,16,19,8,14,9,14,6,9,7,9,9,15,9,11,6,6,10,12,6,13,12,12,5,18,13,11	111	75	1,76E-08	1,49E-05	0.465,0.707,0.568	0.884,0.811,0.84,0.762,0.887,0.75,0.78,0.842,0.888,0.875,0.859,0.837,0.798,0.831,0.812,0.828,0.948,0.799,0.799,0.76,0.747,0.848,0.831,0.774,0.811,0.792,0.864,0.877,0.794,0.876,0.832,0.822,0.805,0.847,0.789,0.891,0.856,0.854,0.856,0.802,0.883,0.777,0.766,0.753,0.772,0.948,0.812,0.812,0.87	-0,248
206390	ENSG00000170004	CHD3	CHD3	chr17	+	7910427	7910718	7909142	7909338	7910846	7910973	206390	180,139,154	28,20,25	164,184,213,142,179,201,240,205,311,171,175,248,145,174,204,178,262,204,150,168,181,143,194,188,123,209,170,172,177,164,147,192,160,154,113,306,149,181,144,151,189,152,159,127,115,176,185,165,168	6,9,3,6,16,14,12,17,12,9,7,28,13,5,8,14,12,15,10,16,10,11,17,19,10,14,17,12,15,8,11,8,11,6,11,29,6,11,7,11,20,9,10,17,8,19,13,4,5	150	75	1,77E-08	1,49E-05	0.763,0.777,0.755	0.932,0.911,0.973,0.922,0.848,0.878,0.909,0.858,0.928,0.905,0.926,0.816,0.848,0.946,0.927,0.864,0.916,0.872,0.882,0.84,0.9,0.867,0.851,0.832,0.86,0.882,0.833,0.878,0.855,0.911,0.87,0.923,0.879,0.928,0.837,0.841,0.925,0.892,0.911,0.873,0.825,0.894,0.888,0.789,0.878,0.822,0.877,0.954,0.944	-0,119
248102	ENSG00000182903	ZNF721	False	chr4	-	467616	467681	444342	444432	472574	472701	248102	10,4,18	24,13,27	2,2,9,0,5,5,6,3,5,1,2,2,5,6,9,2,4,6,9,2,6,6,6,4,7,4,5,5,1,0,3,3,2,0,2,2,5,3,3,7,2,1,6,10,1,3,4,3,3	32,34,38,21,26,17,37,36,30,38,24,31,41,20,48,24,52,25,19,43,28,31,36,46,46,55,19,30,36,19,13,19,38,38,28,41,32,32,34,35,34,17,29,28,23,32,29,29,34	140	75	1,79E-08	1,50E-05	0.182,0.142,0.263	0.032,0.031,0.113,0.0,0.093,0.136,0.08,0.043,0.082,0.014,0.043,0.033,0.061,0.138,0.091,0.043,0.04,0.114,0.202,0.024,0.103,0.094,0.082,0.045,0.075,0.037,0.124,0.082,0.015,0.0,0.11,0.078,0.027,0.0,0.037,0.025,0.077,0.048,0.045,0.097,0.031,0.031,0.1,0.161,0.023,0.048,0.069,0.053,0.045	0,131
281584	ENSG00000106462	EZH2	EZH2	chr7	-	148832633	148832642	148829727	148829848	148846469	148846598	281584	63,113,222	38,67,98	70,7,33,70,90,101,160,37,20,112,45,39,61,23,57,73,58,33,32,61,195,73,43,142,181,60,84,148,147,86,42,56,194,18,128,37,33,67,42,38,42,45,74,52,98,34,28,69,97	65,42,69,57,77,65,49,66,57,112,47,55,66,39,103,45,68,43,60,108,69,61,91,99,115,87,77,68,105,60,49,32,87,52,66,81,72,101,53,58,69,27,70,61,46,68,69,59,40	84	75	1,82E-08	1,53E-05	0.597,0.601,0.669	0.49,0.13,0.299,0.523,0.511,0.581,0.745,0.334,0.239,0.472,0.461,0.388,0.452,0.345,0.331,0.592,0.432,0.407,0.323,0.335,0.716,0.517,0.297,0.562,0.584,0.381,0.493,0.66,0.556,0.561,0.434,0.61,0.666,0.236,0.634,0.29,0.29,0.372,0.414,0.369,0.352,0.598,0.486,0.432,0.655,0.309,0.266,0.511,0.684	0,167
206388	ENSG00000170004	CHD3	CHD3	chr17	+	7910427	7910590	7909142	7909338	7910846	7910973	206388	180,139,154	28,20,25	163,184,213,142,178,200,240,205,311,171,175,247,145,173,204,178,262,203,150,168,181,141,194,187,122,208,170,171,178,164,146,192,160,152,112,305,148,181,144,151,188,152,159,127,115,175,184,165,168	6,9,3,6,16,14,12,17,12,9,7,28,13,5,8,14,12,15,10,16,10,11,17,19,10,14,17,12,15,8,11,8,11,6,11,29,6,11,7,11,20,9,10,17,8,19,13,4,5	150	75	1,92E-08	1,60E-05	0.763,0.777,0.755	0.931,0.911,0.973,0.922,0.848,0.877,0.909,0.858,0.928,0.905,0.926,0.815,0.848,0.945,0.927,0.864,0.916,0.871,0.882,0.84,0.9,0.865,0.851,0.831,0.859,0.881,0.833,0.877,0.856,0.911,0.869,0.923,0.879,0.927,0.836,0.84,0.925,0.892,0.911,0.873,0.825,0.894,0.888,0.789,0.878,0.822,0.876,0.954,0.944	-0,119
140495	ENSG00000164896	FASTK	False	chr7	-	151076912	151077027	151076623	151076832	151077309	151077401	140495	38,29,57	12,4,11	33,22,49,31,46,31,44,35,41,53,27,72,69,24,52,52,70,47,22,47,43,39,64,72,26,65,60,33,67,35,55,25,56,37,43,58,43,31,46,66,57,31,51,35,30,80,44,53,46	2,0,1,0,5,1,3,3,1,4,0,1,4,0,1,0,7,2,3,0,2,2,5,4,7,2,3,2,0,0,5,0,5,2,1,2,3,2,2,4,9,2,0,10,0,6,1,2,0	150	75	1,98E-08	1,65E-05	0.613,0.784,0.722	0.892,1.0,0.961,1.0,0.821,0.939,0.88,0.854,0.953,0.869,1.0,0.973,0.896,1.0,0.963,1.0,0.833,0.922,0.786,1.0,0.915,0.907,0.865,0.9,0.65,0.942,0.909,0.892,1.0,1.0,0.846,1.0,0.848,0.902,0.956,0.935,0.878,0.886,0.92,0.892,0.76,0.886,1.0,0.636,1.0,0.87,0.957,0.93,1.0	-0,204
100309	ENSG00000164924	YWHAZ	YWHAZ	chr8	-	100951928	100952125	100948595	100948900	100953268	100953388	100309	213,168,373	81,93,183	250,295,498,303,328,277,285,399,374,355,388,330,478,284,525,424,494,435,313,420,371,348,403,393,346,357,362,324,374,337,388,239,304,351,224,500,383,275,354,374,388,301,301,305,278,386,435,351,281	65,101,159,75,71,56,98,100,115,88,88,103,91,90,129,91,122,102,53,90,135,104,102,74,118,109,124,152,108,81,94,67,74,99,82,111,93,98,73,80,61,71,107,72,105,70,142,88,117	150	75	2,78E-08	2,24E-05	0.568,0.475,0.505	0.658,0.594,0.61,0.669,0.698,0.712,0.593,0.666,0.619,0.669,0.688,0.616,0.724,0.612,0.67,0.7,0.669,0.681,0.747,0.7,0.579,0.626,0.664,0.726,0.595,0.621,0.593,0.516,0.634,0.675,0.674,0.641,0.673,0.639,0.577,0.693,0.673,0.584,0.708,0.7,0.761,0.679,0.584,0.679,0.57,0.734,0.605,0.666,0.546	-0,135
320437	ENSG00000164924	YWHAZ	YWHAZ	chr8	-	100951928	100952128	100948595	100948900	100953268	100953388	320437	213,168,373	81,93,183	250,295,496,303,328,277,285,398,374,354,388,330,478,284,524,424,493,435,313,420,371,348,403,392,346,357,361,324,374,337,388,239,303,352,224,500,383,277,354,373,387,301,301,305,278,386,433,351,281	65,101,159,75,71,56,98,100,115,88,88,103,91,90,129,91,122,102,53,90,135,104,102,74,118,109,124,152,108,81,94,67,74,99,82,111,93,98,73,80,61,71,107,72,105,70,142,88,117	150	75	2,85E-08	2,28E-05	0.568,0.475,0.505	0.658,0.594,0.609,0.669,0.698,0.712,0.593,0.666,0.619,0.668,0.688,0.616,0.724,0.612,0.67,0.7,0.669,0.681,0.747,0.7,0.579,0.626,0.664,0.726,0.595,0.621,0.593,0.516,0.634,0.675,0.674,0.641,0.672,0.64,0.577,0.693,0.673,0.586,0.708,0.7,0.76,0.679,0.584,0.679,0.57,0.734,0.604,0.666,0.546	-0,135
237439	ENSG00000048544	MRPS10	False	chr6	-	42214121	42214192	42211780	42211917	42214279	42214344	237439	59,88,110	11,16,31	78,82,92,96,70,56,91,84,73,106,71,108,86,53,101,77,116,83,53,74,102,121,68,118,122,155,90,85,120,63,61,37,79,66,82,91,94,87,67,105,91,69,91,91,81,81,70,108,83	6,6,16,0,14,10,12,0,9,11,8,0,9,5,8,13,5,6,9,7,15,0,12,4,10,0,2,18,14,12,19,3,0,4,8,0,0,6,5,5,30,9,10,5,0,17,5,0,0	146	75	2,97E-08	2,36E-05	0.734,0.739,0.646	0.87,0.875,0.747,1.0,0.72,0.742,0.796,1.0,0.806,0.832,0.82,1.0,0.831,0.845,0.866,0.753,0.923,0.877,0.752,0.844,0.777,1.0,0.744,0.938,0.862,1.0,0.959,0.708,0.815,0.73,0.623,0.864,1.0,0.894,0.84,1.0,1.0,0.882,0.873,0.915,0.609,0.798,0.824,0.903,1.0,0.71,0.878,1.0,1.0	-0,152
323695	ENSG00000112514	CUTA	False	chr6	-	33417868	33418005	33417480	33417695	33418086	33418317	323695	17,23,45	47,48,115	27,57,42,32,32,30,40,39,44,30,48,56,16,54,79,42,56,28,25,24,39,33,29,24,32,54,35,62,25,28,25,28,12,41,27,52,37,31,16,17,30,29,37,15,46,41,55,39,64	19,24,31,37,34,53,38,48,57,30,24,61,43,35,50,32,37,40,22,44,57,42,38,42,54,49,40,36,31,43,36,37,34,18,29,55,44,30,24,36,81,34,30,36,27,72,37,34,35	150	75	2,99E-08	2,37E-05	0.153,0.193,0.164	0.415,0.543,0.404,0.302,0.32,0.221,0.345,0.289,0.278,0.333,0.5,0.315,0.157,0.435,0.441,0.396,0.431,0.259,0.362,0.214,0.255,0.282,0.276,0.222,0.229,0.355,0.304,0.463,0.287,0.246,0.258,0.275,0.15,0.532,0.318,0.321,0.296,0.341,0.25,0.191,0.156,0.299,0.381,0.172,0.46,0.222,0.426,0.364,0.478	-0,152
237431	ENSG00000048544	MRPS10	False	chr6	-	42213936	42214192	42211780	42211917	42214279	42214344	237431	59,88,110	11,16,31	78,82,92,96,70,56,91,84,73,106,71,108,86,53,101,78,116,83,53,74,102,121,68,118,122,155,90,85,120,63,61,37,79,66,82,91,94,87,67,105,90,69,91,91,81,81,70,108,83	6,6,16,0,14,10,12,0,9,11,8,0,9,5,8,13,5,6,9,7,15,0,12,4,10,0,2,18,14,12,19,3,0,4,8,0,0,6,5,5,30,9,10,5,0,17,5,0,0	150	75	3,02E-08	2,39E-05	0.728,0.733,0.64	0.867,0.872,0.742,1.0,0.714,0.737,0.791,1.0,0.802,0.828,0.816,1.0,0.827,0.841,0.863,0.75,0.921,0.874,0.746,0.841,0.773,1.0,0.739,0.937,0.859,1.0,0.957,0.702,0.811,0.724,0.616,0.86,1.0,0.892,0.837,1.0,1.0,0.879,0.87,0.913,0.6,0.793,0.82,0.901,1.0,0.704,0.875,1.0,1.0	-0,155
136026	ENSG00000126746	ZNF384	False	chr12	-	6672349	6672532	6670759	6670838	6673215	6673440	136026	54,45,119	90,105,182	126,68,100,59,75,122,117,97,117,99,83,136,101,101,125,87,157,122,82,115,79,68,119,123,86,130,137,110,105,89,58,91,127,111,107,148,92,107,130,80,130,68,114,102,97,129,144,136,112	88,67,87,70,90,84,124,121,112,104,77,117,116,82,140,75,161,97,105,130,80,79,133,140,119,100,114,102,117,118,56,89,133,114,118,159,94,92,96,90,169,58,124,76,77,102,113,98,89	150	75	3,05E-08	2,41E-05	0.231,0.176,0.246	0.417,0.337,0.365,0.296,0.294,0.421,0.321,0.286,0.343,0.322,0.35,0.368,0.303,0.381,0.309,0.367,0.328,0.386,0.281,0.307,0.331,0.301,0.309,0.305,0.265,0.394,0.375,0.35,0.31,0.274,0.341,0.338,0.323,0.327,0.312,0.318,0.329,0.368,0.404,0.308,0.278,0.37,0.315,0.402,0.386,0.387,0.389,0.41,0.386	-0,123
404185	ENSG00000156990	RPUSD3	False	chr3	-	9839031	9839151	9837848	9838207	9840183	9840866	404185	135,153,284	36,39,63	164,141,138,122,128,167,199,176,172,132,117,191,160,193,196,149,238,184,115,155,199,139,153,163,172,229,179,228,147,124,170,159,102,172,122,181,111,184,104,122,229,126,135,107,98,171,190,139,173	13,15,25,18,16,25,11,36,33,33,10,12,20,10,25,16,28,11,19,24,29,14,27,18,27,25,18,21,14,16,18,17,19,8,17,25,21,20,19,18,33,10,21,10,15,40,27,18,10	150	75	3,30E-08	2,57E-05	0.652,0.662,0.693	0.863,0.825,0.734,0.772,0.8,0.77,0.9,0.71,0.723,0.667,0.854,0.888,0.8,0.906,0.797,0.823,0.81,0.893,0.752,0.764,0.774,0.832,0.739,0.819,0.761,0.821,0.833,0.844,0.84,0.795,0.825,0.824,0.729,0.915,0.782,0.784,0.725,0.821,0.732,0.772,0.776,0.863,0.763,0.843,0.766,0.681,0.779,0.794,0.896	-0,131
404189	ENSG00000156990	RPUSD3	False	chr3	-	9839031	9839207	9837848	9838207	9840183	9840866	404189	135,153,284	36,39,63	164,141,138,124,128,167,199,176,172,132,117,191,160,193,196,149,238,184,115,155,199,139,153,163,172,229,179,228,147,124,170,159,102,172,122,181,111,184,104,122,229,126,135,107,98,171,190,136,173	13,15,25,18,16,25,11,36,33,33,10,12,20,10,25,16,28,11,19,24,29,14,27,18,27,25,18,21,14,16,18,17,19,8,17,25,21,20,19,18,33,10,21,10,15,40,27,18,10	150	75	3,31E-08	2,57E-05	0.652,0.662,0.693	0.863,0.825,0.734,0.775,0.8,0.77,0.9,0.71,0.723,0.667,0.854,0.888,0.8,0.906,0.797,0.823,0.81,0.893,0.752,0.764,0.774,0.832,0.739,0.819,0.761,0.821,0.833,0.844,0.84,0.795,0.825,0.824,0.729,0.915,0.782,0.784,0.725,0.821,0.732,0.772,0.776,0.863,0.763,0.843,0.766,0.681,0.779,0.791,0.896	-0,131
404188	ENSG00000156990	RPUSD3	False	chr3	-	9839031	9839179	9837848	9838207	9840183	9840866	404188	135,153,284	36,39,63	164,141,138,122,128,167,199,176,172,132,117,191,160,193,196,149,238,184,115,155,200,139,153,163,172,229,179,228,147,124,170,159,102,172,122,181,112,184,104,122,229,126,135,107,98,171,190,136,173	13,15,25,18,16,25,11,36,33,33,10,12,20,10,25,16,28,11,19,24,29,14,27,18,27,25,18,21,14,16,18,17,19,8,17,25,21,20,19,18,33,10,21,10,15,40,27,18,10	150	75	3,31E-08	2,57E-05	0.652,0.662,0.693	0.863,0.825,0.734,0.772,0.8,0.77,0.9,0.71,0.723,0.667,0.854,0.888,0.8,0.906,0.797,0.823,0.81,0.893,0.752,0.764,0.775,0.832,0.739,0.819,0.761,0.821,0.833,0.844,0.84,0.795,0.825,0.824,0.729,0.915,0.782,0.784,0.727,0.821,0.732,0.772,0.776,0.863,0.763,0.843,0.766,0.681,0.779,0.791,0.896	-0,131
404187	ENSG00000156990	RPUSD3	False	chr3	-	9839031	9839176	9837848	9838207	9840183	9840866	404187	135,153,284	36,39,63	164,141,138,122,128,167,199,176,172,132,117,191,160,193,196,149,238,184,115,155,199,139,153,163,172,229,179,228,147,124,170,159,103,172,122,181,111,184,104,122,229,126,135,107,98,171,190,136,173	13,15,25,18,16,25,11,36,33,33,10,12,20,10,25,16,28,11,19,24,29,14,27,18,27,25,18,21,14,16,18,17,19,8,17,25,21,20,19,18,33,10,21,10,15,40,27,18,10	150	75	3,33E-08	2,58E-05	0.652,0.662,0.693	0.863,0.825,0.734,0.772,0.8,0.77,0.9,0.71,0.723,0.667,0.854,0.888,0.8,0.906,0.797,0.823,0.81,0.893,0.752,0.764,0.774,0.832,0.739,0.819,0.761,0.821,0.833,0.844,0.84,0.795,0.825,0.824,0.73,0.915,0.782,0.784,0.725,0.821,0.732,0.772,0.776,0.863,0.763,0.843,0.766,0.681,0.779,0.791,0.896	-0,131
404184	ENSG00000156990	RPUSD3	False	chr3	-	9839031	9839133	9837848	9838207	9840183	9840866	404184	135,153,290	36,39,63	164,145,138,122,130,167,199,176,172,132,123,191,163,202,196,149,238,184,115,159,205,139,153,166,172,230,185,233,147,124,173,162,102,172,122,184,111,187,104,122,229,126,135,107,98,171,190,137,173	13,15,25,18,16,25,11,36,33,33,10,12,20,10,25,16,28,11,19,24,29,14,27,18,27,25,18,21,14,16,18,17,19,8,17,25,21,20,19,18,33,10,21,10,15,40,27,18,10	150	75	3,64E-08	2,76E-05	0.652,0.662,0.697	0.863,0.829,0.734,0.772,0.802,0.77,0.9,0.71,0.723,0.667,0.86,0.888,0.803,0.91,0.797,0.823,0.81,0.893,0.752,0.768,0.779,0.832,0.739,0.822,0.761,0.821,0.837,0.847,0.84,0.795,0.828,0.827,0.729,0.915,0.782,0.786,0.725,0.824,0.732,0.772,0.776,0.863,0.763,0.843,0.766,0.681,0.779,0.792,0.896	-0,13
404186	ENSG00000156990	RPUSD3	False	chr3	-	9839031	9839161	9837848	9838207	9840183	9840866	404186	135,153,288	36,39,63	164,141,138,122,128,167,199,176,172,132,118,191,163,193,201,152,238,184,115,155,199,139,157,166,172,229,179,228,147,124,170,161,102,173,122,183,111,184,104,126,230,126,136,107,100,171,190,136,173	13,15,25,18,16,25,11,36,33,33,10,12,20,10,25,16,28,11,19,24,29,14,27,18,27,25,18,21,14,16,18,17,19,8,17,25,21,20,19,18,33,10,21,10,15,40,27,18,10	150	75	3,65E-08	2,76E-05	0.652,0.662,0.696	0.863,0.825,0.734,0.772,0.8,0.77,0.9,0.71,0.723,0.667,0.855,0.888,0.803,0.906,0.801,0.826,0.81,0.893,0.752,0.764,0.774,0.832,0.744,0.822,0.761,0.821,0.833,0.844,0.84,0.795,0.825,0.826,0.729,0.915,0.782,0.785,0.725,0.821,0.732,0.778,0.777,0.863,0.764,0.843,0.769,0.681,0.779,0.791,0.896	-0,13
80834	ENSG00000182473	EXOC7	EXOC7	chr17	-	76090328	76090397	76089174	76089320	76094413	76094581	80834	58,50,110	89,62,127	70,67,62,83,93,101,105,41,89,83,73,64,85,47,86,66,108,97,88,95,94,63,96,108,93,73,74,61,73,65,79,59,119,58,73,82,74,71,85,82,78,87,79,62,62,73,54,100,67	50,57,70,60,53,50,69,52,43,37,53,51,53,39,65,53,72,49,40,50,35,46,47,52,64,57,54,56,63,69,55,43,47,58,61,70,50,53,45,59,62,35,53,62,53,52,46,68,36	144	75	3,81E-08	2,86E-05	0.253,0.296,0.311	0.422,0.38,0.316,0.419,0.478,0.513,0.442,0.291,0.519,0.539,0.418,0.395,0.455,0.386,0.408,0.393,0.439,0.508,0.534,0.497,0.583,0.416,0.515,0.52,0.431,0.4,0.416,0.362,0.376,0.329,0.428,0.417,0.569,0.342,0.384,0.379,0.435,0.411,0.496,0.42,0.396,0.564,0.437,0.342,0.379,0.422,0.379,0.434,0.492	-0,147
138978	ENSG00000061938	TNK2	False	chr3	-	195867168	195867258	195866888	195867016	195867360	195868709	138978	57,47,72	11,6,25	78,124,125,76,82,61,96,113,115,147,126,159,126,103,136,127,244,107,90,82,86,68,113,82,81,170,79,97,134,97,63,78,101,129,104,187,89,118,100,114,103,105,94,59,76,89,120,121,113	8,6,10,5,4,6,6,3,8,8,6,8,12,5,6,3,11,3,3,3,12,5,11,8,1,7,1,4,9,5,5,5,16,5,1,20,3,1,9,17,12,5,5,7,2,3,2,7,3	150	75	4,19E-08	3,13E-05	0.722,0.797,0.59	0.83,0.912,0.862,0.884,0.911,0.836,0.889,0.95,0.878,0.902,0.913,0.909,0.84,0.912,0.919,0.955,0.917,0.947,0.938,0.932,0.782,0.872,0.837,0.837,0.976,0.924,0.975,0.924,0.882,0.907,0.863,0.886,0.759,0.928,0.981,0.824,0.937,0.983,0.847,0.77,0.811,0.913,0.904,0.808,0.95,0.937,0.968,0.896,0.95	-0,192
9851	ENSG00000087586	AURKA	False	chr20	-	56388686	56388784	56388155	56388202	56390555	56390665	9851	9,6,11	16,16,41	27,25,42,14,30,16,6,23,32,15,11,8,43,38,30,18,18,22,32,18,25,16,19,26,20,46,37,12,28,29,22,29,17,18,23,8,11,38,26,21,42,21,26,9,32,35,40,42,11	19,20,29,12,12,13,23,21,24,18,13,32,20,22,23,26,24,13,12,9,32,22,14,21,19,9,30,22,12,16,9,11,13,17,5,39,15,18,8,16,20,19,16,21,17,25,16,12,29	150	75	4,74E-08	3,46E-05	0.22,0.158,0.118	0.415,0.385,0.42,0.368,0.556,0.381,0.115,0.354,0.4,0.294,0.297,0.111,0.518,0.463,0.395,0.257,0.273,0.458,0.571,0.5,0.281,0.267,0.404,0.382,0.345,0.719,0.381,0.214,0.538,0.475,0.55,0.569,0.395,0.346,0.697,0.093,0.268,0.514,0.619,0.396,0.512,0.356,0.448,0.176,0.485,0.412,0.556,0.636,0.159	-0,237
384661	ENSG00000172725	CORO1B	False	chr11	-	67438631	67438770	67438282	67438501	67439785	67439843	384661	6,3,14	60,42,62	12,13,9,12,6,9,7,19,25,7,16,17,22,22,25,31,24,19,5,5,17,18,6,14,10,7,17,9,11,9,9,24,6,30,8,25,22,13,9,9,35,15,9,12,5,12,13,13,7	25,23,32,32,21,34,38,38,65,27,37,37,34,34,37,26,45,21,15,16,35,49,8,27,33,26,36,50,10,48,17,35,13,43,29,30,29,42,19,23,27,27,43,22,41,45,48,32,34	150	75	4,90E-08	3,53E-05	0.048,0.034,0.101	0.194,0.22,0.123,0.158,0.125,0.117,0.084,0.2,0.161,0.115,0.178,0.187,0.244,0.244,0.253,0.373,0.211,0.311,0.143,0.135,0.195,0.155,0.273,0.206,0.132,0.119,0.191,0.083,0.355,0.086,0.209,0.255,0.188,0.259,0.121,0.294,0.275,0.134,0.191,0.164,0.393,0.217,0.095,0.214,0.057,0.118,0.119,0.169,0.093	-0,125
314512	ENSG00000147274	RBMX	False	chrX	-	136873245	136873404	136872267	136872345	136875085	136875168	314512	179,138,540	7,3,44	157,187,204,187,242,150,144,133,157,265,149,119,228,118,237,119,291,168,210,181,265,238,225,243,234,275,172,175,266,201,182,93,222,130,201,156,163,194,185,219,159,126,146,233,118,136,166,123,137	65,17,49,9,28,5,19,25,11,64,8,31,65,4,21,12,66,13,6,36,18,13,61,70,40,61,37,19,61,5,12,8,37,31,30,59,16,43,38,59,24,3,20,17,10,31,26,49,40	150	75	5,72E-08	4,07E-05	0.927,0.958,0.86	0.547,0.846,0.675,0.912,0.812,0.938,0.791,0.727,0.877,0.674,0.903,0.657,0.637,0.937,0.849,0.832,0.688,0.866,0.946,0.715,0.88,0.902,0.648,0.634,0.745,0.693,0.699,0.822,0.686,0.953,0.883,0.853,0.75,0.677,0.77,0.569,0.836,0.693,0.709,0.65,0.768,0.955,0.785,0.873,0.855,0.687,0.761,0.557,0.631	0,145
314511	ENSG00000147274	RBMX	False	chrX	-	136873245	136873388	136872267	136872345	136875085	136875168	314511	179,138,540	7,3,44	157,187,204,187,242,150,144,133,157,265,149,118,228,118,237,119,292,168,210,181,265,238,225,242,234,275,172,175,266,201,182,93,222,130,201,156,163,194,186,218,159,126,146,234,118,138,166,123,137	65,17,49,9,28,5,19,25,11,64,8,31,65,4,21,12,66,13,6,36,18,13,61,70,40,61,37,19,61,5,12,8,37,31,30,59,16,43,38,59,24,3,20,17,10,31,26,49,40	150	75	5,77E-08	4,10E-05	0.927,0.958,0.86	0.547,0.846,0.675,0.912,0.812,0.938,0.791,0.727,0.877,0.674,0.903,0.656,0.637,0.937,0.849,0.832,0.689,0.866,0.946,0.715,0.88,0.902,0.648,0.634,0.745,0.693,0.699,0.822,0.686,0.953,0.883,0.853,0.75,0.677,0.77,0.569,0.836,0.693,0.71,0.649,0.768,0.955,0.785,0.873,0.855,0.69,0.761,0.557,0.631	0,144
385647	ENSG00000068400	GRIPAP1	False	chrX	-	48998153	48998207	48997249	48997357	48999237	48999398	385647	41,55,104	9,8,14	77,59,101,69,79,59,102,116,79,134,78,100,118,89,111,103,138,87,47,76,129,89,85,109,94,114,111,125,119,76,81,87,89,87,63,111,68,93,68,90,83,61,95,94,107,98,90,92,132	9,2,5,3,2,2,3,3,0,4,1,6,8,0,2,3,6,5,4,2,4,4,7,4,13,6,4,4,2,2,7,3,3,1,7,17,5,7,2,8,0,3,4,5,5,3,3,4,3	129	75	6,46E-08	4,53E-05	0.726,0.8,0.812	0.833,0.945,0.922,0.93,0.958,0.945,0.952,0.957,1.0,0.951,0.978,0.906,0.896,1.0,0.97,0.952,0.93,0.91,0.872,0.957,0.949,0.928,0.876,0.941,0.808,0.917,0.942,0.948,0.972,0.957,0.871,0.944,0.945,0.981,0.84,0.792,0.888,0.885,0.952,0.867,1.0,0.922,0.932,0.916,0.926,0.95,0.946,0.93,0.962	-0,148
287488	ENSG00000067829	IDH3G	False	chrX	-	153787050	153787125	153785766	153786449	153787463	153787597	287488	77,47,179	26,12,29	15,20,12,23,38,38,47,30,49,26,18,18,39,18,20,19,49,59,58,40,58,20,42,42,30,23,22,23,22,39,40,34,50,22,25,32,22,28,26,29,37,50,34,26,24,23,23,19,12	5,3,2,6,6,4,2,6,3,1,0,0,2,0,2,1,0,7,0,8,3,2,5,6,3,0,2,0,3,4,2,2,4,0,0,6,0,4,7,5,7,2,2,6,0,8,2,0,0	150	75	6,62E-08	4,61E-05	0.597,0.662,0.755	0.6,0.769,0.75,0.657,0.76,0.826,0.922,0.714,0.891,0.929,1.0,1.0,0.907,1.0,0.833,0.905,1.0,0.808,1.0,0.714,0.906,0.833,0.808,0.778,0.833,1.0,0.846,1.0,0.786,0.83,0.909,0.895,0.862,1.0,1.0,0.727,1.0,0.778,0.65,0.744,0.725,0.926,0.895,0.684,1.0,0.59,0.852,1.0,1.0	-0,183
25308	ENSG00000007545	CRAMP1	False	chr16	+	1666072	1666177	1665056	1665138	1666421	1666513	25308	22,25,38	30,21,39	37,50,54,30,26,34,44,60,41,35,18,54,45,40,63,31,66,42,24,34,31,41,47,51,32,56,44,28,35,43,13,28,43,27,30,76,48,38,37,47,54,19,43,34,28,40,45,49,40	14,14,20,5,14,24,17,11,17,14,11,19,19,6,30,16,19,23,20,12,16,13,30,15,14,17,21,12,33,11,2,6,19,10,9,31,17,19,21,21,29,18,21,11,8,28,14,17,5	150	75	7,58E-08	5,14E-05	0.268,0.373,0.328	0.569,0.641,0.574,0.75,0.481,0.415,0.564,0.732,0.547,0.556,0.45,0.587,0.542,0.769,0.512,0.492,0.635,0.477,0.375,0.586,0.492,0.612,0.439,0.63,0.533,0.622,0.512,0.538,0.347,0.662,0.765,0.7,0.531,0.574,0.625,0.551,0.585,0.5,0.468,0.528,0.482,0.345,0.506,0.607,0.636,0.417,0.616,0.59,0.8	-0,238
48456	ENSG00000062194	GPBP1	False	chr5	+	57237112	57237172	57235965	57236032	57246299	57246484	48456	145,152,201	85,83,152	93,76,115,78,110,81,174,78,93,118,76,92,95,147,139,128,101,91,93,86,149,125,141,118,118,121,102,148,132,72,80,99,136,81,88,133,100,90,79,137,149,70,80,100,89,123,65,92,167	91,133,137,115,106,118,102,98,91,132,76,116,110,83,145,121,157,111,79,114,126,154,105,154,152,151,136,122,154,98,110,92,138,89,99,121,124,121,106,134,90,55,98,106,152,84,124,133,117	135	75	8,37E-08	5,63E-05	0.487,0.504,0.424	0.362,0.241,0.318,0.274,0.366,0.276,0.487,0.307,0.362,0.332,0.357,0.306,0.324,0.496,0.348,0.37,0.263,0.313,0.395,0.295,0.396,0.311,0.427,0.299,0.301,0.308,0.294,0.403,0.323,0.29,0.288,0.374,0.354,0.336,0.331,0.379,0.309,0.292,0.293,0.362,0.479,0.414,0.312,0.344,0.245,0.449,0.226,0.278,0.442	0,132
1680	ENSG00000161179	YDJC	False	chr22	-	21629009	21629187	21628088	21628787	21629307	21629407	1680	54,66,123	12,26,62	48,44,66,45,55,65,68,70,100,82,38,91,45,58,88,75,60,58,37,41,74,65,58,53,45,64,79,58,60,36,46,53,55,31,37,99,46,74,33,64,106,41,61,50,40,114,53,62,58	5,6,14,3,5,9,7,11,10,7,4,7,10,2,6,11,9,7,5,8,21,10,9,5,10,6,12,2,12,5,15,8,6,1,4,9,4,11,14,15,16,5,5,8,6,16,2,7,5	150	75	8,39E-08	5,63E-05	0.692,0.559,0.498	0.828,0.786,0.702,0.882,0.846,0.783,0.829,0.761,0.833,0.854,0.826,0.867,0.692,0.935,0.88,0.773,0.769,0.806,0.787,0.719,0.638,0.765,0.763,0.841,0.692,0.842,0.767,0.935,0.714,0.783,0.605,0.768,0.821,0.939,0.822,0.846,0.852,0.771,0.541,0.681,0.768,0.804,0.859,0.758,0.769,0.781,0.93,0.816,0.853	-0,211
295276	ENSG00000213593	TMX2	TMX2	chr11	+	57737987	57738026	57737607	57737668	57738353	57738417	295276	106,130,298	220,229,540	121,95,119,145,113,118,148,117,123,118,98,96,108,90,163,134,144,108,103,95,151,145,130,129,155,143,138,169,144,123,170,93,96,79,107,130,124,105,100,117,59,118,131,110,142,61,121,141,99	109,66,94,108,187,175,195,105,146,104,75,182,164,72,182,125,106,210,264,204,211,123,216,169,225,96,150,123,139,123,226,89,192,72,124,211,111,105,149,149,194,129,113,165,130,118,87,87,64	114	75	8,42E-08	5,63E-05	0.241,0.272,0.266	0.422,0.486,0.454,0.469,0.284,0.307,0.333,0.423,0.357,0.427,0.462,0.258,0.302,0.451,0.371,0.414,0.472,0.253,0.204,0.235,0.32,0.437,0.284,0.334,0.312,0.495,0.377,0.475,0.405,0.397,0.331,0.407,0.248,0.419,0.362,0.288,0.424,0.397,0.306,0.341,0.167,0.376,0.433,0.305,0.418,0.254,0.478,0.516,0.504	-0,112
9854	ENSG00000087586	AURKA	False	chr20	-	56388686	56388784	56388155	56388202	56392167	56392196	9854	8,6,11	19,31,98	22,21,31,11,25,12,8,16,29,12,9,7,35,33,24,15,14,22,27,13,25,9,14,21,20,43,22,10,23,28,21,25,12,14,19,6,7,35,18,18,37,15,23,7,25,20,37,33,8	24,26,38,22,24,14,48,29,28,40,37,43,44,28,50,35,51,11,20,18,42,23,25,33,46,39,48,40,28,36,20,16,25,43,39,61,43,31,20,21,56,33,33,25,37,62,40,25,35	150	75	8,73E-08	5,83E-05	0.174,0.088,0.053	0.314,0.288,0.29,0.2,0.342,0.3,0.077,0.216,0.341,0.13,0.108,0.075,0.285,0.371,0.194,0.176,0.121,0.5,0.403,0.265,0.229,0.164,0.219,0.241,0.179,0.355,0.186,0.111,0.291,0.28,0.344,0.439,0.194,0.14,0.196,0.047,0.075,0.361,0.31,0.3,0.248,0.185,0.258,0.123,0.253,0.139,0.316,0.398,0.103	-0,133
371674	ENSG00000061938	TNK2	False	chr3	-	195867168	195867280	195866888	195867016	195867360	195869690	371674	58,47,72	11,6,25	76,123,118,74,80,58,94,111,111,141,122,156,126,96,129,120,242,104,90,82,83,64,110,80,79,168,74,94,134,92,60,76,97,124,102,179,85,112,87,113,101,103,91,56,73,90,112,117,113	8,6,10,5,4,6,6,3,8,8,6,8,12,5,6,3,11,3,3,3,12,5,11,8,1,7,1,4,9,5,5,5,16,5,1,20,3,1,9,17,12,5,5,7,2,3,2,7,3	150	75	9,36E-08	6,21E-05	0.725,0.797,0.59	0.826,0.911,0.855,0.881,0.909,0.829,0.887,0.949,0.874,0.898,0.91,0.907,0.84,0.906,0.915,0.952,0.917,0.945,0.938,0.932,0.776,0.865,0.833,0.833,0.975,0.923,0.974,0.922,0.882,0.902,0.857,0.884,0.752,0.925,0.981,0.817,0.934,0.982,0.829,0.769,0.808,0.912,0.901,0.8,0.948,0.938,0.966,0.893,0.95	-0,188
384662	ENSG00000172725	CORO1B	False	chr11	-	67438631	67438934	67438282	67438501	67439785	67439843	384662	7,3,14	60,42,62	13,13,9,12,6,10,7,19,25,7,16,17,22,22,25,31,24,19,6,5,17,17,6,14,10,7,17,9,11,9,9,24,5,30,8,25,22,13,9,9,35,15,7,12,5,11,13,13,7	25,23,32,32,21,34,38,38,65,27,37,37,34,34,37,26,45,21,15,16,35,49,8,27,33,26,36,50,10,48,17,35,13,43,29,30,29,42,19,23,27,27,43,22,41,45,48,32,34	150	75	1,28E-07	8,11E-05	0.055,0.034,0.101	0.206,0.22,0.123,0.158,0.125,0.128,0.084,0.2,0.161,0.115,0.178,0.187,0.244,0.244,0.253,0.373,0.211,0.311,0.167,0.135,0.195,0.148,0.273,0.206,0.132,0.119,0.191,0.083,0.355,0.086,0.209,0.255,0.161,0.259,0.121,0.294,0.275,0.134,0.191,0.164,0.393,0.217,0.075,0.214,0.057,0.109,0.119,0.169,0.093	-0,123
359905	ENSG00000231925	TAPBP	False	chr6	-	33304127	33304208	33299693	33301771	33304296	33304638	359905	44,26,43	142,80,101	18,15,23,39,34,27,27,30,40,34,10,15,31,15,35,22,31,44,45,39,34,19,37,21,37,25,11,7,65,21,48,16,19,12,12,64,7,22,17,42,27,18,42,29,11,16,12,9,28	18,26,23,10,59,35,35,36,65,23,12,121,42,29,37,87,14,50,49,49,108,26,40,32,48,30,13,13,49,31,70,40,24,10,17,70,23,20,32,57,49,24,33,32,21,31,14,48,22	150	75	1,38E-07	8,61E-05	0.134,0.14,0.176	0.333,0.224,0.333,0.661,0.224,0.278,0.278,0.294,0.235,0.425,0.294,0.058,0.27,0.205,0.321,0.112,0.525,0.306,0.315,0.285,0.136,0.268,0.316,0.247,0.278,0.294,0.297,0.212,0.399,0.253,0.255,0.167,0.284,0.375,0.261,0.314,0.132,0.355,0.21,0.269,0.216,0.273,0.389,0.312,0.208,0.205,0.3,0.086,0.389	-0,129
384660	ENSG00000172725	CORO1B	False	chr11	-	67438631	67438735	67438282	67438501	67439785	67439843	384660	7,3,14	60,42,62	12,13,9,12,6,9,7,19,25,7,16,17,22,22,25,31,24,19,5,5,17,17,6,14,10,7,17,9,11,9,9,24,5,30,8,25,22,13,9,9,35,15,7,12,5,11,13,13,7	25,23,32,32,21,34,38,38,65,27,37,37,34,34,37,26,45,21,15,16,35,49,8,27,33,26,36,50,10,48,17,35,13,43,29,30,29,42,19,23,27,27,43,22,41,45,48,32,34	150	75	1,50E-07	9,28E-05	0.055,0.034,0.101	0.194,0.22,0.123,0.158,0.125,0.117,0.084,0.2,0.161,0.115,0.178,0.187,0.244,0.244,0.253,0.373,0.211,0.311,0.143,0.135,0.195,0.148,0.273,0.206,0.132,0.119,0.191,0.083,0.355,0.086,0.209,0.255,0.161,0.259,0.121,0.294,0.275,0.134,0.191,0.164,0.393,0.217,0.075,0.214,0.057,0.109,0.119,0.169,0.093	-0,122
311885	ENSG00000011132	APBA3	False	chr19	-	3753764	3753883	3752819	3752990	3754018	3754141	311885	55,42,59	9,4,8	30,26,53,41,36,33,40,53,55,45,19,49,26,33,41,50,44,42,24,37,51,34,54,69,37,44,41,31,64,44,36,30,53,38,29,65,23,38,40,70,74,24,45,36,37,55,52,35,58	2,0,0,2,4,0,0,1,2,2,1,4,1,3,0,0,4,3,7,1,1,2,5,0,3,2,1,4,3,5,3,0,0,0,3,1,1,1,3,1,9,7,0,1,2,0,2,5,0	150	75	1,53E-07	9,40E-05	0.753,0.84,0.787	0.882,1.0,1.0,0.911,0.818,1.0,1.0,0.964,0.932,0.918,0.905,0.86,0.929,0.846,1.0,1.0,0.846,0.875,0.632,0.949,0.962,0.895,0.844,1.0,0.86,0.917,0.953,0.795,0.914,0.815,0.857,1.0,1.0,1.0,0.829,0.97,0.92,0.95,0.87,0.972,0.804,0.632,1.0,0.947,0.902,1.0,0.929,0.778,1.0	-0,117
80836	ENSG00000182473	EXOC7	EXOC7	chr17	-	76091142	76091235	76089174	76089320	76094413	76094581	80836	103,105,159	89,62,127	128,81,127,121,146,135,171,112,133,144,149,121,147,108,170,161,150,114,115,131,151,118,182,164,153,120,124,116,133,88,141,114,151,116,103,165,92,97,119,178,121,114,99,125,104,127,111,141,114	50,57,70,60,53,50,69,52,43,37,53,51,53,39,65,53,72,49,40,50,35,46,47,52,64,57,54,56,63,69,55,43,47,58,61,70,50,53,45,59,62,35,53,62,53,52,46,68,36	150	75	1,58E-07	9,69E-05	0.367,0.459,0.385	0.561,0.415,0.476,0.502,0.579,0.574,0.553,0.519,0.607,0.661,0.584,0.543,0.581,0.581,0.567,0.603,0.51,0.538,0.59,0.567,0.683,0.562,0.659,0.612,0.544,0.513,0.534,0.509,0.514,0.389,0.562,0.57,0.616,0.5,0.458,0.541,0.479,0.478,0.569,0.601,0.494,0.62,0.483,0.502,0.495,0.55,0.547,0.509,0.613	-0,144
31111	ENSG00000182979	MTA1	False	chr14	+	105449358	105449409	105445417	105445511	105450057	105450184	31111	150,155,177	138,119,171	181,181,178,187,196,198,226,175,221,234,176,262,186,135,295,204,293,165,164,158,197,123,227,220,153,195,273,202,182,160,147,148,187,224,149,306,193,245,179,190,185,206,186,164,152,183,194,247,158	128,91,117,129,113,120,76,101,138,107,101,117,118,71,157,87,136,49,95,98,80,115,117,150,97,99,158,84,107,127,78,71,96,113,81,129,127,149,77,92,120,72,113,103,81,99,136,114,97	126	75	1,62E-07	9,89E-05	0.393,0.437,0.381	0.457,0.542,0.475,0.463,0.508,0.495,0.639,0.508,0.488,0.566,0.509,0.571,0.484,0.531,0.528,0.583,0.562,0.667,0.507,0.49,0.594,0.389,0.536,0.466,0.484,0.54,0.507,0.589,0.503,0.429,0.529,0.554,0.537,0.541,0.523,0.585,0.475,0.495,0.58,0.551,0.479,0.63,0.495,0.487,0.528,0.524,0.459,0.563,0.492	-0,12
67963	ENSG00000167110	GOLGA2	False	chr9	-	128272784	128272865	128268419	128268524	128273849	128273972	67963	8,9,36	40,33,76	25,28,34,34,19,22,14,24,29,33,16,34,29,38,38,22,40,28,17,21,29,62,23,44,28,40,38,35,30,22,21,22,19,33,18,25,23,28,24,34,24,16,24,17,37,37,42,26,45	29,26,32,28,41,35,28,21,30,46,34,22,28,32,38,27,48,48,31,45,37,28,36,27,25,30,22,36,43,19,40,20,34,30,34,40,36,34,34,36,50,22,21,29,28,45,21,39,24	150	75	1,80E-07	0,000107625	0.091,0.12,0.191	0.301,0.35,0.347,0.378,0.188,0.239,0.2,0.364,0.326,0.264,0.19,0.436,0.341,0.373,0.333,0.289,0.294,0.226,0.215,0.189,0.282,0.525,0.242,0.449,0.359,0.4,0.463,0.327,0.259,0.367,0.208,0.355,0.218,0.355,0.209,0.238,0.242,0.292,0.261,0.321,0.194,0.267,0.364,0.227,0.398,0.291,0.5,0.25,0.484	-0,176
206277	ENSG00000161939	RNASEK-C17orf49	False	chr17	+	7015773	7015906	7014144	7015156	7016494	7016685	206277	145,136,416	35,31,54	143,134,155,143,188,153,170,130,257,193,150,184,171,185,235,332,253,168,251,168,200,111,125,206,313,176,355,187,379,152,285,340,132,304,133,426,155,243,142,162,183,316,201,307,172,171,195,334,253	16,18,18,11,20,18,15,25,22,18,14,30,25,11,17,16,17,20,9,18,21,9,22,19,20,16,20,16,29,10,14,25,12,22,23,25,17,19,10,15,22,22,22,16,12,18,12,25,12	150	75	2,06E-07	0,000119637	0.674,0.687,0.794	0.817,0.788,0.812,0.867,0.825,0.81,0.85,0.722,0.854,0.843,0.843,0.754,0.774,0.894,0.874,0.912,0.882,0.808,0.933,0.824,0.826,0.86,0.74,0.844,0.887,0.846,0.899,0.854,0.867,0.884,0.911,0.872,0.846,0.874,0.743,0.895,0.82,0.865,0.877,0.844,0.806,0.878,0.82,0.906,0.878,0.826,0.89,0.87,0.913	-0,129
206279	ENSG00000161939	RNASEK-C17orf49	False	chr17	+	7015773	7015935	7014144	7015156	7016494	7016685	206279	144,135,416	35,31,54	141,134,155,143,188,153,169,130,256,192,150,184,171,184,233,337,253,168,251,168,199,110,125,206,312,176,355,186,379,150,284,340,132,304,132,421,155,243,142,161,183,316,200,305,172,179,195,332,252	16,18,18,11,20,18,15,25,22,18,14,30,25,11,17,16,17,20,9,18,21,9,22,19,20,16,20,16,29,10,14,25,12,22,23,25,17,19,10,15,22,22,22,16,12,18,12,25,12	150	75	2,15E-07	0,000123263	0.673,0.685,0.794	0.815,0.788,0.812,0.867,0.825,0.81,0.849,0.722,0.853,0.842,0.843,0.754,0.774,0.893,0.873,0.913,0.882,0.808,0.933,0.824,0.826,0.859,0.74,0.844,0.886,0.846,0.899,0.853,0.867,0.882,0.91,0.872,0.846,0.874,0.742,0.894,0.82,0.865,0.877,0.843,0.806,0.878,0.82,0.905,0.878,0.833,0.89,0.869,0.913	-0,13
206274	ENSG00000161939	RNASEK-C17orf49	False	chr17	+	7015773	7015873	7014144	7015156	7016494	7016685	206274	144,135,416	35,31,54	141,135,155,144,188,153,169,130,256,193,151,184,171,184,233,331,253,168,251,169,200,110,125,206,314,177,355,186,379,150,284,340,132,305,132,421,155,243,142,161,183,316,200,305,172,171,195,332,252	16,18,18,11,20,18,15,25,22,18,14,30,25,11,17,16,17,20,9,18,21,9,22,19,20,16,20,16,29,10,14,25,12,22,23,25,17,19,10,15,22,22,22,16,12,18,12,25,12	150	75	2,17E-07	0,000123973	0.673,0.685,0.794	0.815,0.789,0.812,0.867,0.825,0.81,0.849,0.722,0.853,0.843,0.844,0.754,0.774,0.893,0.873,0.912,0.882,0.808,0.933,0.824,0.826,0.859,0.74,0.844,0.887,0.847,0.899,0.853,0.867,0.882,0.91,0.872,0.846,0.874,0.742,0.894,0.82,0.865,0.877,0.843,0.806,0.878,0.82,0.905,0.878,0.826,0.89,0.869,0.913	-0,13
206281	ENSG00000161939	RNASEK-C17orf49	False	chr17	+	7015773	7016064	7014144	7015156	7016494	7016685	206281	144,135,416	35,31,54	141,134,155,144,188,153,169,130,256,192,150,184,171,184,233,331,253,168,251,168,199,110,125,206,312,176,355,188,379,150,284,340,133,304,132,421,155,244,142,161,183,316,200,305,172,171,195,332,252	16,18,18,11,20,18,15,25,22,18,14,30,25,11,17,16,17,20,9,18,21,9,22,19,20,16,20,16,29,10,14,25,12,22,23,25,17,19,10,15,22,22,22,16,12,18,12,25,12	150	75	2,21E-07	0,000125831	0.673,0.685,0.794	0.815,0.788,0.812,0.867,0.825,0.81,0.849,0.722,0.853,0.842,0.843,0.754,0.774,0.893,0.873,0.912,0.882,0.808,0.933,0.824,0.826,0.859,0.74,0.844,0.886,0.846,0.899,0.855,0.867,0.882,0.91,0.872,0.847,0.874,0.742,0.894,0.82,0.865,0.877,0.843,0.806,0.878,0.82,0.905,0.878,0.826,0.89,0.869,0.913	-0,13
137240	ENSG00000129103	SUMF2	False	chr7	+	56074585	56074639	56074173	56074218	56076833	56076889	137240	143,158,226	26,24,35	179,207,193,196,154,205,301,166,222,183,300,234,168,199,347,207,268,221,206,224,304,190,235,215,238,219,224,309,198,239,204,183,283,254,189,249,184,223,178,189,209,270,224,151,274,213,243,176,226	15,13,14,13,10,17,24,17,12,30,16,24,16,15,19,16,31,18,16,21,19,19,32,8,32,15,19,15,13,18,8,12,18,13,13,35,15,11,21,17,23,14,18,10,11,15,16,10,19	129	75	2,23E-07	0,00012641	0.762,0.793,0.79	0.874,0.903,0.889,0.898,0.9,0.875,0.879,0.85,0.915,0.78,0.916,0.85,0.859,0.885,0.914,0.883,0.834,0.877,0.882,0.861,0.903,0.853,0.81,0.94,0.812,0.895,0.873,0.923,0.899,0.885,0.937,0.899,0.901,0.919,0.894,0.805,0.877,0.922,0.831,0.866,0.841,0.918,0.879,0.898,0.935,0.892,0.898,0.911,0.874	-0,1
206393	ENSG00000170004	CHD3	CHD3	chr17	+	7910428	7910591	7909142	7909338	7910846	7910895	206393	148,151,159	28,20,25	127,119,168,94,126,189,206,174,183,199,107,173,156,138,190,212,190,152,91,137,227,126,189,160,152,207,171,178,212,124,148,132,202,137,147,228,107,144,117,168,259,113,152,92,104,261,157,146,215	6,9,3,6,16,14,12,17,12,9,7,28,13,5,8,14,12,15,10,16,10,11,17,19,10,14,17,12,15,8,11,8,11,6,11,29,6,11,7,11,20,9,10,17,8,19,13,4,5	150	75	2,58E-07	0,000141686	0.725,0.791,0.761	0.914,0.869,0.966,0.887,0.797,0.871,0.896,0.837,0.884,0.917,0.884,0.755,0.857,0.932,0.922,0.883,0.888,0.835,0.82,0.811,0.919,0.851,0.848,0.808,0.884,0.881,0.834,0.881,0.876,0.886,0.871,0.892,0.902,0.919,0.87,0.797,0.899,0.867,0.893,0.884,0.866,0.863,0.884,0.73,0.867,0.873,0.858,0.948,0.956	-0,113
347457	ENSG00000143374	TARS2	TARS2	chr1	+	150504635	150504733	150504334	150504435	150504905	150504978	347457	83,77,112	14,2,11	90,87,109,94,99,116,172,111,162,142,110,124,139,110,191,110,149,152,100,170,163,92,170,165,121,101,132,138,103,100,97,61,161,157,135,178,101,97,131,90,109,149,115,155,117,82,107,96,148	4,1,6,2,6,3,1,3,5,4,3,6,4,4,1,1,5,5,3,4,3,2,1,0,4,2,9,1,0,3,5,0,4,2,2,3,2,5,7,4,6,1,4,3,0,4,2,7,0	150	75	2,65E-07	0,000145263	0.748,0.951,0.836	0.918,0.978,0.901,0.959,0.892,0.951,0.989,0.949,0.942,0.947,0.948,0.912,0.946,0.932,0.99,0.982,0.937,0.938,0.943,0.955,0.964,0.958,0.988,1.0,0.938,0.962,0.88,0.986,1.0,0.943,0.907,1.0,0.953,0.975,0.971,0.967,0.962,0.907,0.903,0.918,0.901,0.987,0.935,0.963,1.0,0.911,0.964,0.873,1.0	-0,104
359876	ENSG00000231925	TAPBP	False	chr6	-	33303934	33303989	33301759	33301771	33304127	33304217	359876	173,132,255	44,26,43	241,294,268,237,241,230,215,230,235,190,248,171,191,215,354,230,252,322,264,234,160,225,261,242,157,272,218,214,189,276,207,172,140,286,184,304,235,257,153,213,139,180,250,257,248,155,250,171,209	18,15,23,19,34,27,27,30,40,17,10,15,31,15,35,22,14,44,45,39,34,19,37,21,37,25,11,7,44,21,48,16,19,12,12,47,7,22,17,42,27,18,24,29,11,16,12,9,12	130	75	2,66E-07	0,000145608	0.694,0.745,0.774	0.885,0.919,0.871,0.878,0.804,0.831,0.821,0.816,0.772,0.866,0.935,0.868,0.78,0.892,0.854,0.858,0.912,0.809,0.772,0.776,0.731,0.872,0.803,0.869,0.71,0.863,0.92,0.946,0.712,0.883,0.713,0.861,0.81,0.932,0.898,0.789,0.951,0.871,0.839,0.745,0.748,0.852,0.857,0.836,0.929,0.848,0.923,0.916,0.909	-0,108
296238	ENSG00000058272	PPP1R12A	PPP1R12A	chr12	-	79806165	79806222	79805591	79805768	79807225	79807330	296238	5,18,19	28,71,97	27,29,36,21,20,19,24,25,25,33,26,23,18,13,35,26,50,17,16,24,13,16,37,30,27,22,20,28,20,14,21,13,26,20,29,36,26,31,27,21,24,21,32,22,11,23,17,26,23	34,42,32,36,47,44,72,26,40,47,28,47,41,21,73,56,47,44,35,52,50,47,49,69,31,56,38,50,48,59,33,26,61,50,64,67,41,43,38,46,51,42,58,41,41,46,53,55,50	132	75	2,67E-07	0,000145791	0.092,0.126,0.1	0.311,0.282,0.39,0.249,0.195,0.197,0.159,0.353,0.262,0.285,0.345,0.218,0.2,0.26,0.214,0.209,0.377,0.18,0.206,0.208,0.129,0.162,0.3,0.198,0.331,0.182,0.23,0.241,0.191,0.119,0.266,0.221,0.195,0.185,0.205,0.234,0.265,0.291,0.288,0.206,0.211,0.221,0.239,0.234,0.132,0.221,0.154,0.212,0.207	-0,126
319765	ENSG00000081985	IL12RB2	False	chr1	+	67372660	67372783	67372435	67372534	67379985	67380123	319765	106,113,227	35,45,84	173,52,107,78,29,65,114,67,130,74,21,178,56,70,73,93,44,70,62,48,106,55,33,21,88,60,96,85,37,35,78,58,17,56,68,220,29,61,72,71,69,18,126,29,135,102,87,103,56	26,5,10,8,7,12,25,13,23,21,7,34,15,11,12,12,14,16,21,17,25,12,8,3,25,9,20,13,8,4,19,16,3,5,13,42,2,16,12,36,19,2,18,12,19,30,12,16,3	150	75	2,67E-07	0,000145856	0.602,0.557,0.575	0.769,0.839,0.843,0.83,0.674,0.73,0.695,0.72,0.739,0.638,0.6,0.724,0.651,0.761,0.753,0.795,0.611,0.686,0.596,0.585,0.679,0.696,0.673,0.778,0.638,0.769,0.706,0.766,0.698,0.814,0.672,0.644,0.739,0.848,0.723,0.724,0.879,0.656,0.75,0.497,0.645,0.818,0.778,0.547,0.78,0.63,0.784,0.763,0.903	-0,141
14549	ENSG00000170004	CHD3	CHD3	chr17	+	7910438	7910591	7909142	7909338	7910846	7910895	14549	149,152,163	28,20,25	130,119,171,94,127,189,207,175,186,199,107,175,157,139,191,213,191,154,93,137,231,126,189,161,152,210,172,178,213,125,149,136,203,137,147,232,109,147,117,170,260,117,154,92,104,262,158,147,216	6,9,3,6,16,14,12,17,12,9,7,28,13,5,8,14,12,15,10,16,10,11,17,19,10,14,17,12,15,8,11,8,11,6,11,29,6,11,7,11,20,9,10,17,8,19,13,4,5	150	75	3,00E-07	0,000162218	0.727,0.792,0.765	0.915,0.869,0.966,0.887,0.799,0.871,0.896,0.837,0.886,0.917,0.884,0.758,0.858,0.933,0.923,0.884,0.888,0.837,0.823,0.811,0.92,0.851,0.848,0.809,0.884,0.882,0.835,0.881,0.877,0.887,0.871,0.895,0.902,0.919,0.87,0.8,0.901,0.87,0.893,0.885,0.867,0.867,0.885,0.73,0.867,0.873,0.859,0.948,0.956	-0,112
221867	ENSG00000090905	TNRC6A	False	chr16	+	24777001	24777358	24758338	24758360	24789231	24791817	221867	54,42,106	3,8,14	53,46,52,45,40,35,74,58,42,67,28,26,60,28,77,52,46,46,34,55,56,54,56,50,51,56,57,34,60,46,31,47,56,37,50,70,37,62,62,67,69,37,49,43,33,47,41,49,41	1,0,3,1,1,3,3,4,1,5,2,2,5,0,2,6,0,0,3,2,2,3,4,0,4,6,1,2,4,0,4,3,0,1,0,2,0,3,3,0,3,0,3,2,3,3,3,2,6	150	75	3,32E-07	0,000176121	0.9,0.724,0.791	0.964,1.0,0.897,0.957,0.952,0.854,0.925,0.879,0.955,0.87,0.875,0.867,0.857,1.0,0.951,0.812,1.0,1.0,0.85,0.932,0.933,0.9,0.875,1.0,0.864,0.824,0.966,0.895,0.882,1.0,0.795,0.887,1.0,0.949,1.0,0.946,1.0,0.912,0.912,1.0,0.92,1.0,0.891,0.915,0.846,0.887,0.872,0.925,0.774	-0,113
221865	ENSG00000090905	TNRC6A	False	chr16	+	24776943	24777358	24758338	24758360	24789231	24791817	221865	54,42,106	3,8,14	53,46,52,45,40,35,71,58,42,65,27,26,60,28,77,51,46,46,34,55,56,54,56,50,51,56,57,34,60,46,32,43,56,37,49,70,37,61,62,67,69,37,48,43,32,46,41,49,40	1,0,3,1,1,3,3,4,1,5,2,2,5,0,2,6,0,0,3,2,2,3,4,0,4,6,1,2,4,0,4,3,0,1,0,2,0,3,3,0,3,0,3,2,3,3,3,2,6	150	75	3,71E-07	0,000193309	0.9,0.724,0.791	0.964,1.0,0.897,0.957,0.952,0.854,0.922,0.879,0.955,0.867,0.871,0.867,0.857,1.0,0.951,0.81,1.0,1.0,0.85,0.932,0.933,0.9,0.875,1.0,0.864,0.824,0.966,0.895,0.882,1.0,0.8,0.878,1.0,0.949,1.0,0.946,1.0,0.91,0.912,1.0,0.92,1.0,0.889,0.915,0.842,0.885,0.872,0.925,0.769	-0,112
260356	ENSG00000204463	BAG6	False	chr6	-	31644306	31644352	31644081	31644194	31644524	31644629	260356	133,93,202	66,68,164	59,70,83,66,72,94,108,83,119,96,67,101,82,75,110,81,82,71,92,64,101,67,80,71,71,78,94,77,76,81,97,83,80,56,77,98,72,76,96,75,99,79,82,90,72,99,99,88,82	84,119,91,84,100,122,107,103,157,96,83,156,100,112,112,120,107,130,87,118,139,104,98,113,96,133,103,112,85,99,146,88,86,89,86,161,96,105,69,97,119,111,118,102,85,120,96,101,92	121	75	3,71E-07	0,000193309	0.555,0.459,0.433	0.303,0.267,0.361,0.328,0.309,0.323,0.385,0.333,0.32,0.383,0.333,0.286,0.337,0.293,0.378,0.295,0.322,0.253,0.396,0.252,0.311,0.285,0.336,0.28,0.314,0.267,0.361,0.299,0.357,0.336,0.292,0.369,0.366,0.281,0.357,0.274,0.317,0.31,0.463,0.324,0.34,0.306,0.301,0.354,0.344,0.338,0.39,0.351,0.356	0,155
175972	ENSG00000108175	ZMIZ1	ZMIZ1	chr10	+	79310923	79311184	79307404	79307571	79312641	79316519	175972	143,163,203	52,61,82	227,231,186,167,187,207,356,239,388,251,250,274,264,196,391,241,460,229,160,311,228,154,276,248,213,267,195,143,213,247,106,194,289,225,186,378,234,231,247,150,574,237,153,222,79,327,250,219,165	47,57,35,20,48,48,95,62,75,60,43,63,58,38,68,65,86,37,33,66,56,48,64,65,44,80,44,39,59,41,16,46,67,62,31,107,42,62,46,44,98,53,35,47,24,54,53,60,28	150	75	3,86E-07	0,000201042	0.579,0.572,0.553	0.707,0.67,0.727,0.807,0.661,0.683,0.652,0.658,0.721,0.677,0.744,0.685,0.695,0.721,0.742,0.65,0.728,0.756,0.708,0.702,0.671,0.616,0.683,0.656,0.708,0.625,0.689,0.647,0.644,0.751,0.768,0.678,0.683,0.645,0.75,0.639,0.736,0.651,0.729,0.63,0.745,0.691,0.686,0.703,0.622,0.752,0.702,0.646,0.747	-0,126
385592	ENSG00000068400	GRIPAP1	False	chrX	-	48981794	48981860	48981595	48981691	48982978	48983092	385592	112,168,194	26,16,44	201,156,260,177,175,238,227,343,277,237,203,296,268,262,315,201,409,275,135,252,271,127,188,245,166,204,293,275,156,206,178,186,216,270,170,441,181,147,237,148,226,165,232,183,214,236,240,286,276	15,20,10,4,15,8,26,12,21,16,41,19,17,7,11,7,12,19,15,25,20,8,51,10,35,8,19,4,73,7,19,13,17,6,40,24,15,26,18,14,21,16,3,7,6,10,10,16,1	141	75	5,13E-07	0,000250952	0.696,0.848,0.701	0.877,0.806,0.933,0.959,0.861,0.941,0.823,0.938,0.875,0.887,0.725,0.892,0.893,0.952,0.938,0.939,0.948,0.885,0.827,0.843,0.878,0.894,0.662,0.929,0.716,0.931,0.891,0.973,0.532,0.94,0.833,0.884,0.871,0.96,0.693,0.907,0.865,0.75,0.875,0.849,0.851,0.846,0.976,0.933,0.95,0.926,0.927,0.905,0.993	-0,127
245923	ENSG00000143774	GUK1	False	chr1	+	228148413	228148456	228147620	228147699	228148664	228148691	245923	169,126,209	57,47,72	178,194,133,167,160,189,178,160,256,164,116,201,118,146,180,150,199,197,107,105,153,144,141,141,139,183,131,144,135,108,141,171,115,127,110,279,113,179,131,150,129,122,143,128,134,142,203,159,104	14,18,26,16,30,37,43,27,57,23,16,43,28,30,34,26,41,41,41,38,44,22,36,32,32,22,25,15,29,24,33,20,27,21,27,42,22,30,33,33,51,40,17,31,32,40,26,38,24	118	75	5,92E-07	0,000285127	0.653,0.63,0.649	0.89,0.873,0.765,0.869,0.772,0.765,0.725,0.79,0.741,0.819,0.822,0.748,0.728,0.756,0.771,0.786,0.755,0.753,0.624,0.637,0.688,0.806,0.713,0.737,0.734,0.841,0.769,0.859,0.747,0.741,0.731,0.845,0.73,0.794,0.721,0.809,0.766,0.791,0.716,0.743,0.617,0.66,0.842,0.724,0.727,0.693,0.832,0.727,0.734	-0,116
319764	ENSG00000081985	IL12RB2	False	chr1	+	67372624	67372898	67372435	67372534	67379985	67380262	319764	185,212,377	35,45,84	277,78,158,122,59,87,169,122,210,95,46,243,118,104,119,131,116,117,104,109,188,79,56,52,146,51,210,142,81,90,123,102,32,110,160,303,38,90,90,128,131,36,202,58,225,123,130,167,71	26,5,10,8,7,12,25,13,23,21,7,34,15,11,12,12,14,16,21,17,25,12,8,3,25,9,20,13,8,4,19,16,3,5,13,42,2,16,12,36,19,2,18,12,19,30,12,16,3	150	75	6,41E-07	0,000303333	0.725,0.702,0.692	0.842,0.886,0.888,0.884,0.808,0.784,0.772,0.824,0.82,0.693,0.767,0.781,0.797,0.825,0.832,0.845,0.806,0.785,0.712,0.762,0.79,0.767,0.778,0.897,0.745,0.739,0.84,0.845,0.835,0.918,0.764,0.761,0.842,0.917,0.86,0.783,0.905,0.738,0.789,0.64,0.775,0.9,0.849,0.707,0.856,0.672,0.844,0.839,0.922	-0,102
185608	ENSG00000243927	MRPS6	False	chr21	+	34103482	34103519	34102834	34102908	34125340	34125480	185608	6,6,20	8,8,10	15,8,21,14,14,13,24,17,7,14,10,15,21,12,21,13,22,19,5,19,10,12,7,27,10,19,8,15,16,21,23,8,12,3,13,9,13,5,15,17,17,32,8,9,16,14,22,12,12	2,1,0,1,0,2,3,0,7,3,0,0,4,0,7,1,3,3,2,5,6,0,13,2,12,0,2,3,6,0,3,2,5,10,3,2,0,0,3,6,0,6,2,10,2,1,1,1,1	112	75	6,67E-07	0,000313491	0.334,0.334,0.573	0.834,0.843,1.0,0.904,1.0,0.813,0.843,1.0,0.401,0.758,1.0,1.0,0.779,1.0,0.668,0.897,0.831,0.809,0.626,0.718,0.527,1.0,0.265,0.9,0.358,1.0,0.728,0.77,0.641,1.0,0.837,0.728,0.616,0.167,0.744,0.751,1.0,1.0,0.77,0.655,1.0,0.781,0.728,0.376,0.843,0.904,0.936,0.889,0.889	-0,373
81938	ENSG00000058272	PPP1R12A	PPP1R12A	chr12	-	79806165	79806333	79798493	79798584	79807225	79807330	81938	145,177,341	33,58,103	275,187,240,242,215,228,280,220,226,298,284,171,232,175,368,243,408,156,146,259,298,236,239,319,273,249,270,340,254,227,143,161,298,257,265,322,214,252,182,192,283,171,249,253,260,244,222,259,277	53,40,33,28,41,41,39,30,40,47,26,25,49,33,29,35,36,39,25,61,38,39,29,58,42,43,41,66,60,39,31,32,62,53,66,37,31,33,32,35,42,26,45,48,45,39,48,45,50	150	75	7,00E-07	0,000325315	0.687,0.604,0.623	0.722,0.7,0.784,0.812,0.724,0.735,0.782,0.786,0.739,0.76,0.845,0.774,0.703,0.726,0.864,0.776,0.85,0.667,0.745,0.68,0.797,0.752,0.805,0.733,0.765,0.743,0.767,0.72,0.679,0.744,0.698,0.716,0.706,0.708,0.668,0.813,0.775,0.792,0.74,0.733,0.771,0.767,0.735,0.725,0.743,0.758,0.698,0.742,0.735	-0,111
355069	ENSG00000227507	LTB	False	chr6	-	31581813	31581985	31581558	31581630	31582255	31582427	355069	85,64,272	358,128,417	105,103,195,124,158,168,96,123,218,133,66,210,91,218,177,144,92,203,162,241,64,93,163,168,91,108,140,85,116,172,162,88,116,173,109,208,129,112,106,122,152,44,142,115,109,116,248,69,115	189,241,242,156,193,209,119,137,428,185,114,284,83,240,240,147,126,126,163,250,68,155,182,200,97,167,198,103,95,260,100,106,87,186,126,298,192,213,108,129,184,40,219,202,144,94,274,106,92	150	75	7,93E-07	0,00036075	0.106,0.2,0.246	0.217,0.176,0.287,0.284,0.29,0.287,0.287,0.31,0.203,0.264,0.224,0.27,0.354,0.312,0.269,0.329,0.267,0.446,0.332,0.325,0.32,0.231,0.309,0.296,0.319,0.244,0.261,0.292,0.379,0.249,0.448,0.293,0.4,0.317,0.302,0.259,0.251,0.208,0.329,0.321,0.292,0.355,0.245,0.222,0.275,0.382,0.312,0.246,0.385	-0,111
185610	ENSG00000243927	MRPS6	False	chr21	+	34103493	34103519	34102834	34102908	34125340	34125480	185610	6,6,20	8,8,10	15,8,21,14,13,13,24,17,7,14,10,15,21,12,21,13,21,19,5,20,10,12,7,27,10,19,8,13,16,21,23,8,12,3,13,9,11,5,15,17,17,32,8,9,16,14,22,12,12	2,1,0,1,0,2,3,0,7,3,0,0,4,0,7,1,3,3,2,5,6,0,13,2,12,0,2,3,6,0,3,2,5,10,3,2,0,0,3,6,0,6,2,10,2,1,1,1,1	101	75	8,18E-07	0,000371104	0.358,0.358,0.598	0.848,0.856,1.0,0.912,1.0,0.828,0.856,1.0,0.426,0.776,1.0,1.0,0.796,1.0,0.69,0.906,0.839,0.825,0.65,0.748,0.553,1.0,0.286,0.909,0.382,1.0,0.748,0.763,0.664,1.0,0.851,0.748,0.641,0.182,0.763,0.77,1.0,1.0,0.788,0.678,1.0,0.798,0.748,0.401,0.856,0.912,0.942,0.899,0.899	-0,361
355068	ENSG00000227507	LTB	False	chr6	-	31581813	31581919	31581558	31581630	31582255	31582427	355068	85,64,272	358,128,417	105,103,195,124,158,168,95,123,218,133,66,210,91,218,177,144,92,203,162,241,64,93,163,169,91,108,140,85,116,168,159,88,116,173,110,206,129,112,106,122,152,44,142,115,109,116,248,68,115	189,241,242,156,193,209,119,137,428,185,114,284,83,240,240,147,126,126,163,250,68,155,182,200,97,167,198,103,95,260,100,106,87,186,126,298,192,213,108,129,184,40,219,202,144,94,274,106,92	150	75	8,34E-07	0,000376983	0.106,0.2,0.246	0.217,0.176,0.287,0.284,0.29,0.287,0.285,0.31,0.203,0.264,0.224,0.27,0.354,0.312,0.269,0.329,0.267,0.446,0.332,0.325,0.32,0.231,0.309,0.297,0.319,0.244,0.261,0.292,0.379,0.244,0.443,0.293,0.4,0.317,0.304,0.257,0.251,0.208,0.329,0.321,0.292,0.355,0.245,0.222,0.275,0.382,0.312,0.243,0.385	-0,111
355071	ENSG00000227507	LTB	False	chr6	-	31581813	31582039	31581558	31581630	31582255	31582427	355071	85,64,272	358,128,417	105,103,195,124,158,168,95,123,218,133,66,210,91,218,177,144,92,203,162,241,65,93,163,167,91,108,140,85,116,168,159,88,116,173,109,206,129,112,106,122,152,44,142,116,109,116,248,68,115	189,241,242,156,193,209,119,137,428,185,114,284,83,240,240,147,126,126,163,250,68,155,182,200,97,167,198,103,95,260,100,106,87,186,126,298,192,213,108,129,184,40,219,202,144,94,274,106,92	150	75	8,35E-07	0,000376983	0.106,0.2,0.246	0.217,0.176,0.287,0.284,0.29,0.287,0.285,0.31,0.203,0.264,0.224,0.27,0.354,0.312,0.269,0.329,0.267,0.446,0.332,0.325,0.323,0.231,0.309,0.295,0.319,0.244,0.261,0.292,0.379,0.244,0.443,0.293,0.4,0.317,0.302,0.257,0.251,0.208,0.329,0.321,0.292,0.355,0.245,0.223,0.275,0.382,0.312,0.243,0.385	-0,111
193452	ENSG00000104964	TLE5	False	chr19	-	3062173	3062183	3060951	3061257	3062699	3063107	193452	159,61,127	101,97,211	134,170,188,143,176,158,138,138,170,193,112,166,138,137,206,151,219,195,118,113,118,160,107,156,118,240,156,132,174,126,180,146,93,134,74,217,144,152,136,145,113,169,170,109,138,77,146,157,130	51,60,81,31,90,146,119,67,34,98,34,8,76,62,60,44,38,129,53,20,94,71,66,24,12,101,69,60,66,41,92,96,37,62,68,132,69,26,78,111,10,65,32,42,82,50,97,60,117	85	75	8,54E-07	0,000383062	0.581,0.357,0.347	0.699,0.714,0.672,0.803,0.633,0.488,0.506,0.645,0.815,0.635,0.744,0.948,0.616,0.661,0.752,0.752,0.836,0.572,0.663,0.833,0.526,0.665,0.589,0.852,0.897,0.677,0.666,0.66,0.699,0.731,0.633,0.573,0.689,0.656,0.49,0.592,0.648,0.838,0.606,0.535,0.909,0.696,0.824,0.696,0.598,0.576,0.57,0.698,0.495	-0,251
285264	ENSG00000071564	TCF3	False	chr19	-	1615423	1615520	1612206	1612433	1615685	1615804	285264	91,98,173	122,143,232	73,94,130,78,100,117,131,105,142,169,103,165,149,82,165,152,125,129,76,94,132,82,103,106,158,119,126,177,174,87,139,89,111,94,91,153,83,82,100,79,130,80,82,119,83,174,128,121,159	63,51,89,61,100,132,125,151,154,119,74,105,122,70,121,117,122,95,69,94,128,62,105,99,109,102,99,159,120,77,95,110,93,112,77,156,92,82,95,63,171,64,86,78,86,115,81,85,117	150	75	8,81E-07	0,000392325	0.272,0.255,0.272	0.367,0.48,0.422,0.39,0.333,0.307,0.344,0.258,0.316,0.415,0.41,0.44,0.379,0.369,0.405,0.394,0.339,0.404,0.355,0.333,0.34,0.398,0.329,0.349,0.42,0.368,0.389,0.358,0.42,0.361,0.422,0.288,0.374,0.296,0.371,0.329,0.311,0.333,0.345,0.385,0.275,0.385,0.323,0.433,0.325,0.431,0.441,0.416,0.405	-0,103
165750	ENSG00000149503	INCENP	False	chr11	+	62141499	62141511	62140912	62141044	62144981	62145091	165750	78,64,110	98,130,202	66,102,124,96,99,103,116,93,139,130,106,106,91,130,125,105,161,97,72,68,118,94,91,101,90,131,123,132,118,101,79,98,110,101,72,163,83,99,75,76,82,52,121,85,92,67,134,125,124	72,85,103,88,87,99,117,152,128,99,91,108,122,97,117,106,115,72,75,95,136,90,106,114,85,92,119,93,98,96,63,66,84,83,86,133,87,87,80,94,115,79,84,75,46,84,107,85,99	87	75	9,33E-07	0,000411214	0.407,0.298,0.319	0.441,0.508,0.509,0.485,0.495,0.473,0.461,0.345,0.484,0.531,0.501,0.458,0.391,0.536,0.479,0.461,0.547,0.537,0.453,0.382,0.428,0.474,0.425,0.433,0.477,0.551,0.471,0.55,0.509,0.476,0.519,0.561,0.53,0.512,0.419,0.514,0.451,0.495,0.447,0.411,0.381,0.362,0.554,0.494,0.633,0.407,0.519,0.559,0.519	-0,139
206330	ENSG00000170004	CHD3	CHD3	chr17	+	7895338	7895497	7894916	7895150	7897082	7897294	206330	166,150,134	65,28,45	124,191,156,155,159,163,174,187,225,167,181,192,142,136,188,138,206,154,124,148,126,132,191,207,127,210,171,128,128,159,104,121,163,179,128,239,146,222,180,156,174,140,169,140,132,132,179,178,136	24,22,15,20,30,30,23,19,24,21,22,15,25,18,39,21,24,19,19,28,19,15,29,26,27,27,32,12,14,21,13,20,31,9,21,34,21,16,16,22,22,14,23,18,15,21,25,15,13	150	75	1,04E-06	0,000446599	0.561,0.728,0.598	0.721,0.813,0.839,0.795,0.726,0.731,0.791,0.831,0.824,0.799,0.804,0.865,0.74,0.791,0.707,0.767,0.811,0.802,0.765,0.725,0.768,0.815,0.767,0.799,0.702,0.795,0.728,0.842,0.821,0.791,0.8,0.752,0.724,0.909,0.753,0.779,0.777,0.874,0.849,0.78,0.798,0.833,0.786,0.795,0.815,0.759,0.782,0.856,0.84	-0,162
319770	ENSG00000081985	IL12RB2	False	chr1	+	67372736	67372783	67372435	67372534	67379985	67380123	319770	93,91,203	35,45,84	146,47,89,61,24,54,95,64,112,53,16,149,49,62,61,80,39,66,56,43,93,46,29,18,76,49,74,66,27,30,63,51,15,47,62,188,26,52,60,51,64,14,109,22,104,90,77,75,46	26,5,10,8,7,12,25,13,23,21,7,34,15,11,12,12,14,16,21,17,25,12,8,3,25,9,20,13,8,4,19,16,3,5,13,42,2,16,12,36,19,2,18,12,19,30,12,16,3	122	75	1,10E-06	0,000467972	0.62,0.554,0.598	0.775,0.852,0.845,0.824,0.678,0.734,0.7,0.752,0.75,0.608,0.584,0.729,0.668,0.776,0.758,0.804,0.631,0.717,0.621,0.609,0.696,0.702,0.69,0.787,0.651,0.77,0.695,0.757,0.675,0.822,0.671,0.662,0.755,0.852,0.746,0.733,0.889,0.666,0.755,0.465,0.674,0.811,0.788,0.53,0.771,0.648,0.798,0.742,0.904	-0,134
321538	ENSG00000136717	BIN1	BIN1	chr2	-	127051171	127051243	127050801	127050912	127057472	127057601	321538	9,21,23	31,29,29	30,15,28,23,48,48,50,19,27,28,45,41,22,33,45,24,45,34,29,21,44,25,30,44,19,31,19,31,21,22,34,33,29,32,32,46,20,30,13,27,26,48,10,23,37,18,34,48,29	15,18,12,16,27,17,26,14,28,21,20,24,14,30,31,19,20,28,12,7,25,13,16,16,7,18,16,16,16,14,16,20,18,23,18,35,19,18,9,29,14,14,12,20,11,12,23,21,11	147	75	1,15E-06	0,000483172	0.129,0.27,0.288	0.505,0.298,0.543,0.423,0.476,0.59,0.495,0.409,0.33,0.405,0.534,0.466,0.445,0.359,0.425,0.392,0.534,0.383,0.552,0.605,0.473,0.495,0.489,0.584,0.581,0.468,0.377,0.497,0.401,0.445,0.52,0.457,0.451,0.415,0.476,0.401,0.349,0.46,0.424,0.322,0.487,0.636,0.298,0.37,0.632,0.434,0.43,0.538,0.574	-0,233
274360	ENSG00000026751	SLAMF7	False	chr1	+	160750321	160750423	160749820	160750093	160752185	160752248	274360	6,9,23	16,8,11	6,5,4,3,5,6,19,8,10,7,4,8,7,1,13,5,8,17,10,7,5,8,22,8,6,19,4,5,19,2,13,7,8,5,10,13,7,5,13,26,4,14,4,14,17,11,7,6,8	7,1,1,0,1,1,4,4,7,4,0,2,0,1,1,1,3,1,3,2,2,1,0,0,0,5,1,0,2,0,3,4,4,3,1,1,7,2,3,1,2,0,0,7,2,1,1,4,0	150	75	1,32E-06	0,000540824	0.158,0.36,0.511	0.3,0.714,0.667,1.0,0.714,0.75,0.704,0.5,0.417,0.467,1.0,0.667,1.0,0.333,0.867,0.714,0.571,0.895,0.625,0.636,0.556,0.8,1.0,1.0,1.0,0.655,0.667,1.0,0.826,1.0,0.684,0.467,0.5,0.455,0.833,0.867,0.333,0.556,0.684,0.929,0.5,1.0,1.0,0.5,0.81,0.846,0.778,0.429,1.0	-0,376
199956	ENSG00000101224	CDC25B	False	chr20	+	3800742	3800861	3800461	3800498	3800970	3801093	199956	146,114,185	23,10,33	120,159,181,147,132,168,164,105,178,173,118,127,161,176,178,159,182,146,116,123,188,157,123,156,106,209,168,138,132,156,104,125,118,121,138,199,112,141,122,128,219,98,167,92,151,219,146,166,132	13,9,12,5,14,16,13,13,16,11,5,16,13,5,14,13,2,5,8,17,18,11,6,4,9,12,4,10,19,17,10,11,21,9,2,10,5,7,1,5,9,6,2,4,5,11,9,9,5	150	75	1,48E-06	0,000599867	0.76,0.851,0.737	0.822,0.898,0.883,0.936,0.825,0.84,0.863,0.802,0.848,0.887,0.922,0.799,0.861,0.946,0.864,0.859,0.978,0.936,0.879,0.783,0.839,0.877,0.911,0.951,0.855,0.897,0.955,0.873,0.776,0.821,0.839,0.85,0.737,0.871,0.972,0.909,0.918,0.91,0.984,0.928,0.924,0.891,0.977,0.92,0.938,0.909,0.89,0.902,0.93	-0,103
347455	ENSG00000143374	TARS2	TARS2	chr1	+	150504631	150504732	150504334	150504435	150504905	150504978	347455	48,51,73	14,2,11	70,66,54,57,76,63,102,77,102,63,59,78,66,74,110,63,111,90,69,81,109,59,111,97,59,56,87,89,71,81,71,48,104,83,81,119,57,55,105,61,68,78,62,84,76,55,86,50,78	4,1,6,2,6,3,1,3,5,4,3,6,4,4,1,1,5,5,3,4,3,2,1,0,4,2,9,1,0,3,5,0,4,2,2,3,2,5,7,4,6,1,4,3,0,4,2,7,0	150	75	1,72E-06	0,000681608	0.632,0.927,0.768	0.897,0.971,0.818,0.934,0.864,0.913,0.981,0.928,0.911,0.887,0.908,0.867,0.892,0.902,0.982,0.969,0.917,0.9,0.92,0.91,0.948,0.937,0.982,1.0,0.881,0.933,0.829,0.978,1.0,0.931,0.877,1.0,0.929,0.954,0.953,0.952,0.934,0.846,0.882,0.884,0.85,0.975,0.886,0.933,1.0,0.873,0.956,0.781,1.0	-0,146
186866	ENSG00000161179	YDJC	False	chr22	-	21629009	21629176	21628088	21628787	21629307	21630031	186866	25,31,47	12,26,62	19,16,35,16,13,32,33,33,38,37,15,41,18,24,45,35,24,25,16,23,42,29,30,20,25,29,31,31,22,13,20,24,23,10,20,55,22,31,11,32,55,17,29,20,22,67,29,28,29	5,6,14,3,5,9,7,11,10,7,4,7,10,2,6,11,9,7,5,8,21,10,9,5,10,6,12,2,12,5,15,8,6,1,4,9,4,11,14,15,16,5,5,8,6,16,2,7,5	150	75	2,09E-06	0,000796834	0.51,0.373,0.275	0.655,0.571,0.556,0.727,0.565,0.64,0.702,0.6,0.655,0.725,0.652,0.745,0.474,0.857,0.789,0.614,0.571,0.641,0.615,0.59,0.5,0.592,0.625,0.667,0.556,0.707,0.564,0.886,0.478,0.565,0.4,0.6,0.657,0.833,0.714,0.753,0.733,0.585,0.282,0.516,0.632,0.63,0.744,0.556,0.647,0.677,0.879,0.667,0.744	-0,253
126712	ENSG00000227507	LTB	False	chr6	-	31581813	31581859	31581558	31581630	31582255	31582424	126712	225,132,667	358,128,417	312,362,483,380,524,542,282,274,722,417,264,580,179,519,510,387,308,458,448,602,152,290,400,573,236,316,375,257,323,567,471,208,297,457,342,576,357,322,267,328,354,135,435,434,418,242,587,220,265	189,241,242,156,193,209,119,137,428,185,114,284,83,240,240,147,126,126,163,250,68,155,182,200,97,167,198,103,95,260,100,106,87,186,126,298,192,213,108,129,184,40,219,202,144,94,274,106,92	121	75	2,11E-06	0,000802984	0.28,0.39,0.498	0.506,0.482,0.553,0.602,0.627,0.616,0.595,0.554,0.511,0.583,0.589,0.559,0.572,0.573,0.568,0.62,0.602,0.693,0.63,0.599,0.581,0.537,0.577,0.64,0.601,0.54,0.54,0.607,0.678,0.575,0.745,0.549,0.679,0.604,0.627,0.545,0.535,0.484,0.605,0.612,0.544,0.677,0.552,0.571,0.643,0.615,0.57,0.563,0.641	-0,2
296250	ENSG00000058272	PPP1R12A	PPP1R12A	chr12	-	79806165	79806352	79805591	79805768	79807225	79807330	296250	6,23,23	28,71,97	29,29,37,25,24,19,26,26,28,36,27,27,19,14,36,27,55,18,16,26,15,18,41,36,31,24,22,31,25,14,22,15,33,22,35,38,27,33,27,23,31,22,34,28,13,26,19,27,26	34,42,32,36,47,44,72,26,40,47,28,47,41,21,73,56,47,44,35,52,50,47,49,69,31,56,38,50,48,59,33,26,61,50,64,67,41,43,38,46,51,42,58,41,41,46,53,55,50	150	75	2,48E-06	0,000920548	0.097,0.139,0.106	0.299,0.257,0.366,0.258,0.203,0.178,0.153,0.333,0.259,0.277,0.325,0.223,0.188,0.25,0.198,0.194,0.369,0.17,0.186,0.2,0.13,0.161,0.295,0.207,0.333,0.176,0.224,0.237,0.207,0.106,0.25,0.224,0.213,0.18,0.215,0.221,0.248,0.277,0.262,0.2,0.233,0.208,0.227,0.255,0.137,0.22,0.152,0.197,0.206	-0,112
296248	ENSG00000058272	PPP1R12A	PPP1R12A	chr12	-	79806165	79806318	79805591	79805768	79807225	79807330	296248	6,23,23	28,71,97	29,29,37,25,24,19,26,26,28,35,27,27,19,15,36,27,53,18,16,24,16,18,41,35,31,24,22,31,24,14,22,14,33,23,36,38,27,33,27,23,31,22,35,28,13,26,19,27,27	34,42,32,36,47,44,72,26,40,47,28,47,41,21,73,56,47,44,35,52,50,47,49,69,31,56,38,50,48,59,33,26,61,50,64,67,41,43,38,46,51,42,58,41,41,46,53,55,50	150	75	2,54E-06	0,000936012	0.097,0.139,0.106	0.299,0.257,0.366,0.258,0.203,0.178,0.153,0.333,0.259,0.271,0.325,0.223,0.188,0.263,0.198,0.194,0.361,0.17,0.186,0.188,0.138,0.161,0.295,0.202,0.333,0.176,0.224,0.237,0.2,0.106,0.25,0.212,0.213,0.187,0.22,0.221,0.248,0.277,0.262,0.2,0.233,0.208,0.232,0.255,0.137,0.22,0.152,0.197,0.213	-0,112
321533	ENSG00000136717	BIN1	BIN1	chr2	-	127051153	127051239	127050801	127050912	127059010	127059155	321533	34,37,67	58,26,73	90,80,82,68,109,113,90,77,127,96,100,94,39,116,115,77,156,94,54,66,93,66,62,73,66,99,69,120,73,68,87,106,81,108,48,108,73,71,63,79,78,115,83,81,83,73,100,106,114	38,43,44,32,36,33,34,40,47,52,36,62,24,47,49,44,65,47,22,28,32,37,37,38,27,57,43,62,38,33,43,38,30,49,27,61,40,38,26,24,45,33,33,34,20,41,71,52,66	150	75	2,59E-06	0,000949195	0.227,0.416,0.315	0.542,0.482,0.482,0.515,0.602,0.631,0.57,0.49,0.575,0.48,0.581,0.431,0.448,0.552,0.54,0.467,0.545,0.5,0.551,0.541,0.592,0.471,0.456,0.49,0.55,0.465,0.445,0.492,0.49,0.507,0.503,0.582,0.574,0.524,0.471,0.47,0.477,0.483,0.548,0.622,0.464,0.635,0.557,0.544,0.675,0.471,0.413,0.505,0.463	-0,2
296240	ENSG00000058272	PPP1R12A	PPP1R12A	chr12	-	79806165	79806250	79805591	79805768	79807225	79807330	296240	6,23,23	28,71,97	29,29,37,25,24,19,27,26,28,35,27,27,19,14,36,28,53,18,16,24,15,18,41,35,31,24,22,31,24,14,22,14,33,22,35,38,27,33,27,23,32,22,34,28,13,26,20,28,26	34,42,32,36,47,44,72,26,40,47,28,47,41,21,73,56,47,44,35,52,50,47,49,69,31,56,38,50,48,59,33,26,61,50,64,67,41,43,38,46,51,42,58,41,41,46,53,55,50	150	75	2,61E-06	0,000956345	0.097,0.139,0.106	0.299,0.257,0.366,0.258,0.203,0.178,0.158,0.333,0.259,0.271,0.325,0.223,0.188,0.25,0.198,0.2,0.361,0.17,0.186,0.188,0.13,0.161,0.295,0.202,0.333,0.176,0.224,0.237,0.2,0.106,0.25,0.212,0.213,0.18,0.215,0.221,0.248,0.277,0.262,0.2,0.239,0.208,0.227,0.255,0.137,0.22,0.159,0.203,0.206	-0,112
268231	ENSG00000076108	BAZ2A	False	chr12	-	56627016	56627114	56617394	56617532	56630775	56630865	268231	6,12,5	15,9,22	3,6,0,5,5,4,3,2,3,3,1,0,0,3,3,2,6,0,4,7,7,9,0,5,6,3,6,9,2,4,1,0,4,2,3,6,1,1,0,2,3,0,3,8,0,4,5,1,5	31,33,29,31,27,17,28,23,31,34,30,22,22,29,44,28,50,32,18,23,20,34,14,42,22,30,19,19,21,27,19,20,23,34,21,36,17,26,35,28,20,16,21,23,12,19,38,27,26	150	75	2,63E-06	0,000961715	0.167,0.4,0.102	0.046,0.083,0.0,0.075,0.085,0.105,0.051,0.042,0.046,0.042,0.016,0.0,0.0,0.049,0.033,0.034,0.057,0.0,0.1,0.132,0.149,0.117,0.0,0.056,0.12,0.048,0.136,0.191,0.045,0.069,0.026,0.0,0.08,0.029,0.067,0.077,0.029,0.019,0.0,0.034,0.07,0.0,0.067,0.148,0.0,0.095,0.062,0.018,0.088	0,165
877	ENSG00000243927	MRPS6	False	chr21	+	34103496	34103519	34102834	34102908	34125340	34125480	877	13,17,51	8,8,10	27,21,44,29,25,27,69,29,15,26,25,44,39,24,49,28,50,39,21,38,30,35,19,49,14,41,19,27,31,40,47,14,34,12,37,30,24,16,29,42,26,61,17,19,36,20,31,32,24	2,1,0,1,0,2,3,0,7,3,0,0,4,0,7,1,3,3,2,5,6,0,13,2,12,0,2,3,6,0,3,2,5,10,3,2,0,0,3,6,0,6,2,10,2,1,1,1,1	98	75	2,67E-06	0,000973033	0.554,0.619,0.796	0.912,0.941,1.0,0.957,1.0,0.912,0.946,1.0,0.621,0.869,1.0,1.0,0.882,1.0,0.843,0.955,0.927,0.909,0.889,0.853,0.793,1.0,0.528,0.949,0.472,1.0,0.879,0.873,0.798,1.0,0.923,0.843,0.839,0.479,0.904,0.92,1.0,1.0,0.881,0.843,1.0,0.886,0.867,0.593,0.932,0.939,0.96,0.961,0.948	-0,23
296244	ENSG00000058272	PPP1R12A	PPP1R12A	chr12	-	79806165	79806282	79805591	79805768	79807225	79807330	296244	6,23,23	28,71,97	29,29,37,25,24,19,26,26,28,35,27,27,19,14,36,27,53,18,16,24,15,18,41,35,31,24,22,31,24,14,22,14,33,22,35,38,27,33,27,23,34,22,34,28,13,26,19,27,26	34,42,32,36,47,44,72,26,40,47,28,47,41,21,73,56,47,44,35,52,50,47,49,69,31,56,38,50,48,59,33,26,61,50,64,67,41,43,38,46,51,42,58,41,41,46,53,55,50	150	75	2,78E-06	0,001006605	0.097,0.139,0.106	0.299,0.257,0.366,0.258,0.203,0.178,0.153,0.333,0.259,0.271,0.325,0.223,0.188,0.25,0.198,0.194,0.361,0.17,0.186,0.188,0.13,0.161,0.295,0.202,0.333,0.176,0.224,0.237,0.2,0.106,0.25,0.212,0.213,0.18,0.215,0.221,0.248,0.277,0.262,0.2,0.25,0.208,0.227,0.255,0.137,0.22,0.152,0.197,0.206	-0,112
14540	ENSG00000170004	CHD3	CHD3	chr17	+	7907600	7907702	7907352	7907488	7907893	7908019	14540	286,340,375	219,194,191	231,253,369,368,358,533,569,448,480,313,537,438,427,332,436,312,581,300,284,404,370,157,503,403,297,286,423,463,285,388,224,238,501,444,404,673,302,261,366,215,342,291,331,302,340,278,427,358,405	122,109,132,120,129,180,240,156,175,144,171,179,167,137,175,155,178,122,108,166,170,109,148,160,141,137,182,107,128,122,79,132,166,101,127,267,104,148,153,102,130,94,127,115,93,121,138,155,137	150	75	2,82E-06	0,001016897	0.395,0.467,0.495	0.486,0.537,0.583,0.605,0.581,0.597,0.542,0.589,0.578,0.521,0.611,0.55,0.561,0.548,0.555,0.502,0.62,0.551,0.568,0.549,0.521,0.419,0.63,0.557,0.513,0.511,0.537,0.684,0.527,0.614,0.586,0.474,0.601,0.687,0.614,0.558,0.592,0.469,0.545,0.513,0.568,0.608,0.566,0.568,0.646,0.535,0.607,0.536,0.596	-0,111
296242	ENSG00000058272	PPP1R12A	PPP1R12A	chr12	-	79806165	79806262	79805591	79805768	79807225	79807330	296242	6,23,23	28,71,97	29,29,37,25,24,19,26,26,28,35,27,27,19,14,36,27,53,18,16,24,15,18,41,35,31,24,22,31,24,14,22,14,33,22,35,38,27,33,27,23,31,23,34,29,13,26,19,27,26	34,42,32,36,47,44,72,26,40,47,28,47,41,21,73,56,47,44,35,52,50,47,49,69,31,56,38,50,48,59,33,26,61,50,64,67,41,43,38,46,51,42,58,41,41,46,53,55,50	150	75	2,82E-06	0,001016897	0.097,0.139,0.106	0.299,0.257,0.366,0.258,0.203,0.178,0.153,0.333,0.259,0.271,0.325,0.223,0.188,0.25,0.198,0.194,0.361,0.17,0.186,0.188,0.13,0.161,0.295,0.202,0.333,0.176,0.224,0.237,0.2,0.106,0.25,0.212,0.213,0.18,0.215,0.221,0.248,0.277,0.262,0.2,0.233,0.215,0.227,0.261,0.137,0.22,0.152,0.197,0.206	-0,112
221870	ENSG00000090905	TNRC6A	False	chr16	+	24793472	24793648	24789231	24791817	24794543	24794719	221870	16,7,11	37,31,54	24,20,26,21,25,25,23,20,26,25,18,24,13,9,35,28,46,33,17,15,20,16,31,28,11,28,19,10,18,16,9,10,19,12,18,35,16,24,26,21,17,19,17,27,15,17,20,29,21	25,20,24,24,44,26,36,37,30,22,31,19,38,13,42,24,36,29,24,30,41,31,34,43,40,34,29,28,17,35,19,13,33,21,50,51,29,38,19,35,39,27,38,21,35,29,22,36,18	150	75	2,89E-06	0,001036757	0.178,0.101,0.092	0.324,0.333,0.351,0.304,0.221,0.325,0.242,0.213,0.302,0.362,0.225,0.387,0.146,0.257,0.294,0.368,0.39,0.363,0.262,0.2,0.196,0.205,0.313,0.246,0.121,0.292,0.247,0.152,0.346,0.186,0.191,0.278,0.224,0.222,0.153,0.255,0.216,0.24,0.406,0.231,0.179,0.26,0.183,0.391,0.176,0.227,0.312,0.287,0.368	-0,141
128517	ENSG00000136861	CDK5RAP2	CDK5RAP2	chr9	-	120407011	120407246	120402805	120404113	120408346	120408468	128517	19,29,34	48,44,72	42,31,34,28,40,42,42,50,53,40,44,32,26,36,44,36,52,23,28,28,40,41,37,32,29,39,55,28,34,34,28,24,38,35,25,55,40,35,26,31,41,46,31,36,23,46,28,49,36	32,24,40,26,45,49,43,38,38,34,30,29,24,30,28,50,53,32,23,35,49,26,32,47,34,30,30,66,46,40,32,22,33,40,33,50,18,36,37,27,53,40,31,29,33,46,34,30,41	150	75	2,99E-06	0,001060461	0.165,0.248,0.191	0.396,0.392,0.298,0.35,0.308,0.3,0.328,0.397,0.411,0.37,0.423,0.356,0.351,0.375,0.44,0.265,0.329,0.264,0.378,0.286,0.29,0.441,0.366,0.254,0.299,0.394,0.478,0.175,0.27,0.298,0.304,0.353,0.365,0.304,0.275,0.355,0.526,0.327,0.26,0.365,0.279,0.365,0.333,0.383,0.258,0.333,0.292,0.45,0.305	-0,14
152065	ENSG00000156787	TBC1D31	False	chr8	+	123142261	123142456	123140760	123140901	123144716	123144855	152065	0,52,70	22,15,48	32,46,82,41,46,41,97,81,33,105,52,57,67,58,83,67,54,0,37,29,48,59,21,68,94,72,124,160,105,52,70,42,77,79,43,57,49,32,28,26,74,40,75,54,70,78,48,50,111	20,4,11,20,2,2,6,9,4,3,1,2,7,7,4,5,16,21,5,8,15,3,17,5,3,7,8,7,11,4,4,8,6,6,12,4,4,16,3,15,5,3,2,5,5,4,5,12,4	150	75	3,16E-06	0,00111284	0.0,0.634,0.422	0.444,0.852,0.788,0.506,0.92,0.911,0.89,0.818,0.805,0.946,0.963,0.934,0.827,0.806,0.912,0.87,0.628,0.0,0.787,0.644,0.615,0.908,0.382,0.872,0.94,0.837,0.886,0.92,0.827,0.867,0.897,0.724,0.865,0.868,0.642,0.877,0.86,0.5,0.824,0.464,0.881,0.87,0.949,0.844,0.875,0.907,0.828,0.676,0.933	-0,436
422667	ENSG00000108175	ZMIZ1	ZMIZ1	chr10	+	79311052	79311184	79307404	79307571	79312641	79316519	422667	63,87,114	52,61,82	120,114,112,73,90,88,198,124,197,130,134,133,139,103,211,136,230,122,80,171,117,80,143,104,99,130,103,71,100,134,52,104,159,126,94,186,134,138,133,60,306,101,62,117,43,185,133,110,90	47,57,35,20,48,48,95,62,75,60,43,63,58,38,68,65,86,37,33,66,56,48,64,65,44,80,44,39,59,41,16,46,67,62,31,107,42,62,46,44,98,53,35,47,24,54,53,60,28	150	75	3,43E-06	0,001191777	0.377,0.416,0.41	0.561,0.5,0.615,0.646,0.484,0.478,0.51,0.5,0.568,0.52,0.609,0.514,0.545,0.575,0.608,0.511,0.572,0.622,0.548,0.564,0.511,0.455,0.528,0.444,0.529,0.448,0.539,0.477,0.459,0.62,0.619,0.531,0.543,0.504,0.603,0.465,0.615,0.527,0.591,0.405,0.61,0.488,0.47,0.555,0.473,0.631,0.556,0.478,0.616	-0,137
200170	ENSG00000087586	AURKA	False	chr20	-	56388686	56388809	56388155	56388202	56390555	56390665	200170	8,6,10	16,16,41	21,21,30,11,24,11,6,16,25,12,8,7,34,33,21,15,14,20,27,13,21,9,14,21,15,43,23,9,21,26,19,24,12,14,18,5,7,34,16,17,35,14,22,7,23,17,31,33,8	19,20,29,12,12,13,23,21,24,18,13,32,20,22,23,26,24,13,12,9,32,22,14,21,19,9,30,22,12,16,9,11,13,17,5,39,15,18,8,16,20,19,16,21,17,25,16,12,29	150	75	3,53E-06	0,001219212	0.2,0.158,0.109	0.356,0.344,0.341,0.314,0.5,0.297,0.115,0.276,0.342,0.25,0.235,0.099,0.459,0.429,0.313,0.224,0.226,0.435,0.529,0.419,0.247,0.17,0.333,0.333,0.283,0.705,0.277,0.17,0.467,0.448,0.514,0.522,0.316,0.292,0.643,0.06,0.189,0.486,0.5,0.347,0.467,0.269,0.407,0.143,0.404,0.254,0.492,0.579,0.121	-0,19
101115	ENSG00000136717	BIN1	BIN1	chr2	-	127057472	127057601	127050407	127050522	127059010	127059155	101115	33,19,80	5,6,10	36,28,24,32,56,74,75,46,53,44,35,58,33,60,56,36,62,55,39,23,69,19,40,37,35,51,32,46,24,36,43,65,63,54,43,82,38,47,29,41,61,56,31,38,43,34,56,49,45	1,3,3,0,1,0,1,3,0,0,3,4,2,3,3,0,5,0,3,2,1,0,0,4,0,2,5,3,2,0,2,4,6,11,1,3,2,0,0,0,1,2,3,0,0,1,9,4,0	150	75	3,54E-06	0,00122423	0.767,0.613,0.8	0.947,0.824,0.8,1.0,0.966,1.0,0.974,0.885,1.0,1.0,0.854,0.879,0.892,0.909,0.903,1.0,0.861,1.0,0.867,0.852,0.972,1.0,1.0,0.822,1.0,0.927,0.762,0.885,0.857,1.0,0.915,0.89,0.84,0.711,0.956,0.932,0.905,1.0,1.0,1.0,0.968,0.933,0.838,1.0,1.0,0.944,0.757,0.86,1.0	-0,193
318305	ENSG00000072501	SMC1A	SMC1A	chrX	-	53414757	53414780	53413231	53413435	53422491	53422728	318305	172,156,350	50,32,64	156,127,158,142,153,125,247,168,232,150,119,168,160,206,265,140,203,145,104,266,125,128,291,171,192,176,127,155,129,177,107,118,158,216,189,324,229,183,216,244,148,145,196,142,117,79,154,213,200	79,79,66,173,47,43,71,52,89,68,87,93,39,79,96,54,109,11,29,24,61,76,22,80,62,74,104,119,60,115,24,65,29,115,81,64,68,76,25,38,82,75,108,32,60,51,76,98,125	98	75	3,59E-06	0,001233582	0.725,0.789,0.807	0.602,0.552,0.647,0.386,0.714,0.69,0.727,0.712,0.666,0.628,0.511,0.58,0.758,0.666,0.679,0.665,0.588,0.91,0.733,0.895,0.611,0.563,0.91,0.621,0.703,0.645,0.483,0.499,0.622,0.541,0.773,0.581,0.807,0.59,0.641,0.795,0.72,0.648,0.869,0.831,0.58,0.597,0.581,0.773,0.599,0.542,0.608,0.625,0.55	0,116
411433	ENSG00000149743	TRPT1	False	chr11	-	64224099	64224133	64223798	64223967	64224284	64224717	411433	20,22,31	13,6,52	20,30,30,24,26,24,33,17,31,36,29,25,34,37,25,26,61,31,20,23,20,30,24,40,28,26,29,40,23,16,38,19,29,24,33,40,26,31,26,29,21,35,40,21,28,30,27,36,20	3,0,3,1,5,14,3,2,2,2,3,0,4,0,2,0,7,8,6,19,3,2,11,4,12,5,5,2,4,21,4,1,1,3,1,6,0,1,2,3,10,7,1,13,1,5,14,8,0	109	75	3,83E-06	0,001309321	0.514,0.716,0.291	0.821,1.0,0.873,0.943,0.782,0.541,0.883,0.854,0.914,0.925,0.869,1.0,0.854,1.0,0.896,1.0,0.857,0.727,0.696,0.454,0.821,0.912,0.6,0.873,0.616,0.782,0.8,0.932,0.798,0.344,0.867,0.929,0.952,0.846,0.958,0.821,1.0,0.955,0.899,0.869,0.591,0.775,0.965,0.526,0.951,0.805,0.57,0.756,1.0	-0,318
375344	ENSG00000274272	NA	False	chr7	-	100577272	100577340	100577085	100577154	100577496	100577558	375344	33,33,72	16,3,12	31,44,76,54,48,76,53,47,87,58,60,95,74,66,75,79,86,51,57,37,55,21,69,48,65,58,57,64,38,52,53,46,46,47,46,96,38,39,41,30,79,57,50,43,55,72,54,55,75	2,3,4,5,0,0,4,0,4,0,9,4,3,5,2,2,5,7,2,6,2,0,1,0,0,5,3,5,0,2,0,5,3,5,3,8,3,3,2,1,3,3,6,2,2,1,2,6,4	143	75	3,87E-06	0,00132033	0.52,0.852,0.759	0.89,0.885,0.909,0.85,1.0,1.0,0.874,1.0,0.919,1.0,0.778,0.926,0.928,0.874,0.952,0.954,0.9,0.793,0.937,0.764,0.935,1.0,0.973,1.0,1.0,0.859,0.909,0.87,1.0,0.932,1.0,0.828,0.889,0.831,0.889,0.863,0.869,0.872,0.915,0.94,0.932,0.909,0.814,0.919,0.935,0.974,0.934,0.828,0.908	-0,201
359907	ENSG00000231925	TAPBP	False	chr6	-	33304127	33304216	33299693	33301771	33304296	33304638	359907	44,26,43	142,80,101	18,15,23,19,34,27,27,30,40,17,10,15,31,15,35,22,14,44,46,39,34,19,37,21,37,25,11,7,44,21,48,16,19,12,12,47,7,22,17,42,27,18,24,29,11,16,12,9,12	18,26,23,10,59,35,35,36,65,23,12,121,42,29,37,87,14,50,49,49,108,26,40,32,48,30,13,13,49,31,70,40,24,10,17,70,23,20,32,57,49,24,33,32,21,31,14,48,22	150	75	3,94E-06	0,001338355	0.134,0.14,0.176	0.333,0.224,0.333,0.487,0.224,0.278,0.278,0.294,0.235,0.27,0.294,0.058,0.27,0.205,0.321,0.112,0.333,0.306,0.319,0.285,0.136,0.268,0.316,0.247,0.278,0.294,0.297,0.212,0.31,0.253,0.255,0.167,0.284,0.375,0.261,0.251,0.132,0.355,0.21,0.269,0.216,0.273,0.267,0.312,0.208,0.205,0.3,0.086,0.214	-0,109
355063	ENSG00000227507	LTB	False	chr6	-	31581813	31581858	31581558	31581630	31582255	31582427	355063	74,58,233	358,128,417	93,88,177,105,136,141,77,109,198,108,54,185,81,200,155,117,81,186,144,220,53,83,142,146,76,102,121,63,92,133,137,67,90,154,89,189,113,92,97,117,141,42,117,99,86,105,226,59,96	189,241,242,156,193,209,119,137,428,185,114,284,83,240,240,147,126,126,163,250,68,155,182,200,97,167,198,103,95,260,100,106,87,186,126,298,192,213,108,129,184,40,219,202,144,94,274,106,92	120	75	4,23E-06	0,001411056	0.114,0.221,0.259	0.235,0.186,0.314,0.296,0.306,0.297,0.288,0.332,0.224,0.267,0.228,0.289,0.379,0.342,0.288,0.332,0.287,0.48,0.356,0.355,0.328,0.251,0.328,0.313,0.329,0.276,0.276,0.277,0.377,0.242,0.461,0.283,0.393,0.341,0.306,0.284,0.269,0.213,0.36,0.362,0.324,0.396,0.25,0.234,0.272,0.411,0.34,0.258,0.395	-0,113
296249	ENSG00000058272	PPP1R12A	PPP1R12A	chr12	-	79806165	79806352	79798493	79798584	79807225	79807330	296249	71,89,163	33,58,103	141,98,104,121,114,106,138,108,109,168,138,85,113,82,168,117,199,75,68,125,128,124,128,150,128,117,149,145,129,121,65,85,146,145,137,133,98,121,94,106,140,76,131,123,107,133,121,129,121	53,40,33,28,41,41,39,30,40,47,26,25,49,33,29,35,36,39,25,61,38,39,29,58,42,43,41,66,60,39,31,32,62,53,66,37,31,33,32,35,42,26,45,48,45,39,48,45,50	150	75	4,52E-06	0,001493007	0.518,0.434,0.442	0.571,0.551,0.612,0.684,0.582,0.564,0.639,0.643,0.577,0.641,0.726,0.63,0.536,0.554,0.743,0.626,0.734,0.49,0.576,0.506,0.627,0.614,0.688,0.564,0.604,0.576,0.645,0.523,0.518,0.608,0.512,0.57,0.541,0.578,0.509,0.643,0.613,0.647,0.595,0.602,0.625,0.594,0.593,0.562,0.543,0.63,0.558,0.589,0.548	-0,131
185615	ENSG00000243927	MRPS6	False	chr21	+	34103504	34103519	34102834	34102908	34125340	34125480	185615	4,5,14	8,8,10	5,4,11,9,11,9,20,14,4,11,6,8,14,7,13,8,15,14,3,13,7,9,2,16,5,6,7,10,11,12,9,3,8,1,11,4,8,4,8,13,7,17,8,6,11,9,19,7,9	2,1,0,1,0,2,3,0,7,3,0,0,4,0,7,1,3,3,2,5,6,0,13,2,12,0,2,3,6,0,3,2,5,10,3,2,0,0,3,6,0,6,2,10,2,1,1,1,1	90	75	4,54E-06	0,001496956	0.294,0.342,0.538	0.676,0.769,1.0,0.882,1.0,0.789,0.847,1.0,0.323,0.753,1.0,1.0,0.745,1.0,0.607,0.87,0.806,0.795,0.556,0.684,0.493,1.0,0.114,0.87,0.258,1.0,0.745,0.735,0.604,1.0,0.714,0.556,0.571,0.077,0.753,0.625,1.0,1.0,0.69,0.644,1.0,0.702,0.769,0.333,0.821,0.882,0.941,0.854,0.882	-0,358
375351	ENSG00000274272	NA	False	chr7	-	100577272	100577408	100577085	100577154	100577496	100577558	375351	32,33,66	16,3,12	31,43,68,52,46,68,53,47,87,54,60,95,69,66,71,76,83,51,56,36,54,21,66,46,62,55,55,64,37,52,53,46,43,47,46,90,38,39,37,30,78,57,49,43,53,73,51,55,68	2,3,4,5,0,0,4,0,4,0,9,4,3,5,2,2,5,7,2,6,2,0,1,0,0,5,3,5,0,2,0,5,3,5,3,8,3,3,2,1,3,3,6,2,2,1,2,6,4	150	75	4,55E-06	0,001499076	0.5,0.846,0.733	0.886,0.878,0.895,0.839,1.0,1.0,0.869,1.0,0.916,1.0,0.769,0.922,0.92,0.868,0.947,0.95,0.892,0.785,0.933,0.75,0.931,1.0,0.971,1.0,1.0,0.846,0.902,0.865,1.0,0.929,1.0,0.821,0.878,0.825,0.885,0.849,0.864,0.867,0.902,0.938,0.929,0.905,0.803,0.915,0.93,0.973,0.927,0.821,0.895	-0,213
296247	ENSG00000058272	PPP1R12A	PPP1R12A	chr12	-	79806165	79806318	79798493	79798584	79807225	79807330	296247	71,89,163	33,58,103	141,98,104,121,114,106,138,108,109,167,138,85,113,83,168,117,197,75,68,123,129,124,128,149,128,117,149,145,128,121,65,84,146,146,138,133,98,121,94,106,140,76,132,123,107,133,121,129,122	53,40,33,28,41,41,39,30,40,47,26,25,49,33,29,35,36,39,25,61,38,39,29,58,42,43,41,66,60,39,31,32,62,53,66,37,31,33,32,35,42,26,45,48,45,39,48,45,50	150	75	4,56E-06	0,001500988	0.518,0.434,0.442	0.571,0.551,0.612,0.684,0.582,0.564,0.639,0.643,0.577,0.64,0.726,0.63,0.536,0.557,0.743,0.626,0.732,0.49,0.576,0.502,0.629,0.614,0.688,0.562,0.604,0.576,0.645,0.523,0.516,0.608,0.512,0.568,0.541,0.579,0.511,0.643,0.613,0.647,0.595,0.602,0.625,0.594,0.595,0.562,0.543,0.63,0.558,0.589,0.55	-0,131
296239	ENSG00000058272	PPP1R12A	PPP1R12A	chr12	-	79806165	79806250	79798493	79798584	79807225	79807330	296239	71,89,163	33,58,103	141,98,104,121,114,106,139,108,109,167,138,85,113,82,168,118,197,75,68,123,128,124,128,149,128,117,149,145,128,121,65,84,146,145,137,133,98,121,94,106,141,76,131,123,107,133,122,130,121	53,40,33,28,41,41,39,30,40,47,26,25,49,33,29,35,36,39,25,61,38,39,29,58,42,43,41,66,60,39,31,32,62,53,66,37,31,33,32,35,42,26,45,48,45,39,48,45,50	150	75	4,61E-06	0,001515323	0.518,0.434,0.442	0.571,0.551,0.612,0.684,0.582,0.564,0.641,0.643,0.577,0.64,0.726,0.63,0.536,0.554,0.743,0.628,0.732,0.49,0.576,0.502,0.627,0.614,0.688,0.562,0.604,0.576,0.645,0.523,0.516,0.608,0.512,0.568,0.541,0.578,0.509,0.643,0.613,0.647,0.595,0.602,0.627,0.594,0.593,0.562,0.543,0.63,0.56,0.591,0.548	-0,131
296243	ENSG00000058272	PPP1R12A	PPP1R12A	chr12	-	79806165	79806282	79798493	79798584	79807225	79807330	296243	71,89,163	33,58,103	141,98,104,121,114,106,138,108,109,167,138,85,113,82,168,117,197,75,68,123,128,124,128,149,128,117,149,145,128,121,65,84,146,145,137,133,98,121,94,106,143,76,131,123,107,133,121,129,121	53,40,33,28,41,41,39,30,40,47,26,25,49,33,29,35,36,39,25,61,38,39,29,58,42,43,41,66,60,39,31,32,62,53,66,37,31,33,32,35,42,26,45,48,45,39,48,45,50	150	75	4,67E-06	0,001531492	0.518,0.434,0.442	0.571,0.551,0.612,0.684,0.582,0.564,0.639,0.643,0.577,0.64,0.726,0.63,0.536,0.554,0.743,0.626,0.732,0.49,0.576,0.502,0.627,0.614,0.688,0.562,0.604,0.576,0.645,0.523,0.516,0.608,0.512,0.568,0.541,0.578,0.509,0.643,0.613,0.647,0.595,0.602,0.63,0.594,0.593,0.562,0.543,0.63,0.558,0.589,0.548	-0,131
296241	ENSG00000058272	PPP1R12A	PPP1R12A	chr12	-	79806165	79806262	79798493	79798584	79807225	79807330	296241	71,89,163	33,58,103	141,98,104,121,114,106,138,108,109,167,138,85,113,82,168,117,197,75,68,123,128,124,128,149,128,117,149,145,128,121,65,84,146,145,137,133,98,121,94,106,140,77,131,124,107,133,121,129,121	53,40,33,28,41,41,39,30,40,47,26,25,49,33,29,35,36,39,25,61,38,39,29,58,42,43,41,66,60,39,31,32,62,53,66,37,31,33,32,35,42,26,45,48,45,39,48,45,50	150	75	4,68E-06	0,001533335	0.518,0.434,0.442	0.571,0.551,0.612,0.684,0.582,0.564,0.639,0.643,0.577,0.64,0.726,0.63,0.536,0.554,0.743,0.626,0.732,0.49,0.576,0.502,0.627,0.614,0.688,0.562,0.604,0.576,0.645,0.523,0.516,0.608,0.512,0.568,0.541,0.578,0.509,0.643,0.613,0.647,0.595,0.602,0.625,0.597,0.593,0.564,0.543,0.63,0.558,0.589,0.548	-0,131
296246	ENSG00000058272	PPP1R12A	PPP1R12A	chr12	-	79806165	79806291	79805591	79805768	79807225	79807330	296246	7,23,23	28,71,97	29,29,37,25,24,19,26,26,28,35,27,27,19,14,36,27,53,19,16,24,15,18,41,35,31,24,22,31,24,14,22,14,33,22,35,39,27,33,27,23,32,22,34,28,13,26,19,27,26	34,42,32,36,47,44,72,26,40,47,28,47,41,21,73,56,47,44,35,52,50,47,49,69,31,56,38,50,48,59,33,26,61,50,64,67,41,43,38,46,51,42,58,41,41,46,53,55,50	150	75	4,70E-06	0,00153543	0.111,0.139,0.106	0.299,0.257,0.366,0.258,0.203,0.178,0.153,0.333,0.259,0.271,0.325,0.223,0.188,0.25,0.198,0.194,0.361,0.178,0.186,0.188,0.13,0.161,0.295,0.202,0.333,0.176,0.224,0.237,0.2,0.106,0.25,0.212,0.213,0.18,0.215,0.225,0.248,0.277,0.262,0.2,0.239,0.208,0.227,0.255,0.137,0.22,0.152,0.197,0.206	-0,107
194267	ENSG00000090554	FLT3LG	False	chr19	+	49478909	49479047	49476422	49476566	49480297	49480476	194267	247,188,358	63,42,122	170,114,176,144,232,250,286,269,259,206,90,270,163,183,215,195,159,254,203,279,228,164,180,218,147,172,221,116,160,182,137,144,204,111,171,402,157,234,202,135,287,63,172,151,174,229,227,150,140	19,16,36,25,34,32,24,57,49,42,18,42,33,37,42,23,35,40,35,39,38,21,25,30,35,45,36,22,24,40,18,25,38,19,26,55,34,39,28,29,51,7,31,26,31,45,35,22,18	150	75	4,72E-06	0,001540583	0.662,0.691,0.595	0.817,0.781,0.71,0.742,0.773,0.796,0.856,0.702,0.725,0.71,0.714,0.763,0.712,0.712,0.719,0.809,0.694,0.76,0.744,0.782,0.75,0.796,0.783,0.784,0.677,0.656,0.754,0.725,0.769,0.695,0.792,0.742,0.729,0.745,0.767,0.785,0.698,0.75,0.783,0.699,0.738,0.818,0.735,0.744,0.737,0.718,0.764,0.773,0.795	-0,1
194283	ENSG00000090554	FLT3LG	False	chr19	+	49478938	49479047	49476422	49476566	49480297	49480476	194283	245,188,356	63,42,122	170,113,176,144,231,250,285,267,259,206,90,270,163,181,215,195,159,253,203,279,228,163,180,217,145,170,221,116,160,182,136,141,209,110,171,404,157,233,201,135,287,63,172,150,174,229,227,147,139	19,16,36,25,34,32,24,57,49,42,18,42,33,37,42,23,35,40,35,39,38,21,25,30,35,45,36,22,24,40,18,25,38,19,26,55,34,39,28,29,51,7,31,26,31,45,35,22,18	150	75	4,75E-06	0,001548533	0.66,0.691,0.593	0.817,0.779,0.71,0.742,0.773,0.796,0.856,0.701,0.725,0.71,0.714,0.763,0.712,0.71,0.719,0.809,0.694,0.76,0.744,0.782,0.75,0.795,0.783,0.783,0.674,0.654,0.754,0.725,0.769,0.695,0.791,0.738,0.733,0.743,0.767,0.786,0.698,0.749,0.782,0.699,0.738,0.818,0.735,0.743,0.737,0.718,0.764,0.77,0.794	-0,101
194279	ENSG00000090554	FLT3LG	False	chr19	+	49478919	49479047	49476422	49476566	49480297	49480476	194279	245,188,356	63,42,122	170,113,176,147,231,250,285,266,259,206,90,270,163,181,215,195,159,253,203,279,228,163,180,217,145,170,221,116,160,182,136,141,204,110,174,401,157,233,201,135,287,63,172,150,174,229,227,147,139	19,16,36,25,34,32,24,57,49,42,18,42,33,37,42,23,35,40,35,39,38,21,25,30,35,45,36,22,24,40,18,25,38,19,26,55,34,39,28,29,51,7,31,26,31,45,35,22,18	150	75	4,79E-06	0,001557852	0.66,0.691,0.593	0.817,0.779,0.71,0.746,0.773,0.796,0.856,0.7,0.725,0.71,0.714,0.763,0.712,0.71,0.719,0.809,0.694,0.76,0.744,0.782,0.75,0.795,0.783,0.783,0.674,0.654,0.754,0.725,0.769,0.695,0.791,0.738,0.729,0.743,0.77,0.785,0.698,0.749,0.782,0.699,0.738,0.818,0.735,0.743,0.737,0.718,0.764,0.77,0.794	-0,101
194271	ENSG00000090554	FLT3LG	False	chr19	+	49478910	49479047	49476422	49476566	49480297	49480476	194271	245,188,356	63,42,122	170,113,176,144,231,250,285,266,259,206,90,270,163,181,215,195,159,254,203,279,228,163,180,217,145,170,221,116,160,182,136,141,204,110,171,401,157,233,201,135,287,63,172,150,174,229,227,147,139	19,16,36,25,34,32,24,57,49,42,18,42,33,37,42,23,35,40,35,39,38,21,25,30,35,45,36,22,24,40,18,25,38,19,26,55,34,39,28,29,51,7,31,26,31,45,35,22,18	150	75	4,91E-06	0,001588251	0.66,0.691,0.593	0.817,0.779,0.71,0.742,0.773,0.796,0.856,0.7,0.725,0.71,0.714,0.763,0.712,0.71,0.719,0.809,0.694,0.76,0.744,0.782,0.75,0.795,0.783,0.783,0.674,0.654,0.754,0.725,0.769,0.695,0.791,0.738,0.729,0.743,0.767,0.785,0.698,0.749,0.782,0.699,0.738,0.818,0.735,0.743,0.737,0.718,0.764,0.77,0.794	-0,101
194275	ENSG00000090554	FLT3LG	False	chr19	+	49478911	49479047	49476422	49476566	49480297	49480476	194275	245,188,356	63,42,122	170,113,176,144,231,251,285,266,259,206,90,270,163,181,215,195,159,253,203,279,228,163,180,217,145,170,221,116,160,182,136,141,204,110,171,401,157,233,201,135,287,63,172,150,174,229,227,147,139	19,16,36,25,34,32,24,57,49,42,18,42,33,37,42,23,35,40,35,39,38,21,25,30,35,45,36,22,24,40,18,25,38,19,26,55,34,39,28,29,51,7,31,26,31,45,35,22,18	150	75	4,91E-06	0,001588251	0.66,0.691,0.593	0.817,0.779,0.71,0.742,0.773,0.797,0.856,0.7,0.725,0.71,0.714,0.763,0.712,0.71,0.719,0.809,0.694,0.76,0.744,0.782,0.75,0.795,0.783,0.783,0.674,0.654,0.754,0.725,0.769,0.695,0.791,0.738,0.729,0.743,0.767,0.785,0.698,0.749,0.782,0.699,0.738,0.818,0.735,0.743,0.737,0.718,0.764,0.77,0.794	-0,101
129431	ENSG00000137404	NRM	False	chr6	-	30689275	30689452	30688046	30688942	30690024	30690243	129431	49,68,93	10,9,2	80,88,76,58,52,87,84,84,93,64,70,86,41,90,110,68,84,58,51,66,79,64,38,59,79,84,76,93,48,68,83,76,46,68,50,112,81,100,48,43,68,69,71,52,74,69,107,71,64	3,3,1,2,2,3,3,2,5,0,0,0,3,2,5,3,1,1,0,3,6,2,1,2,4,0,1,3,0,5,3,1,0,1,5,3,4,4,1,2,2,3,4,0,2,1,2,1,2	150	75	4,92E-06	0,001588251	0.71,0.791,0.959	0.93,0.936,0.974,0.935,0.929,0.935,0.933,0.955,0.903,1.0,1.0,1.0,0.872,0.957,0.917,0.919,0.977,0.967,1.0,0.917,0.868,0.941,0.95,0.937,0.908,1.0,0.974,0.939,1.0,0.872,0.933,0.974,1.0,0.971,0.833,0.949,0.91,0.926,0.96,0.915,0.944,0.92,0.899,1.0,0.949,0.972,0.964,0.973,0.941	-0,124
311888	ENSG00000011132	APBA3	False	chr19	-	3753764	3753945	3752819	3752990	3754018	3754141	311888	55,42,59	9,4,8	30,26,53,41,36,34,40,53,55,45,19,49,26,33,41,50,44,42,24,37,51,34,46,69,37,45,41,31,64,44,36,30,53,38,29,65,23,38,40,70,74,24,45,36,37,55,52,35,58	2,0,0,2,4,0,0,1,2,2,1,4,1,3,0,0,4,3,7,1,1,2,5,0,3,2,1,4,3,5,3,0,0,0,3,1,1,1,3,1,9,7,0,1,2,0,2,5,0	150	75	5,45E-06	0,001726395	0.753,0.84,0.787	0.882,1.0,1.0,0.911,0.818,1.0,1.0,0.964,0.932,0.918,0.905,0.86,0.929,0.846,1.0,1.0,0.846,0.875,0.632,0.949,0.962,0.895,0.821,1.0,0.86,0.918,0.953,0.795,0.914,0.815,0.857,1.0,1.0,1.0,0.829,0.97,0.92,0.95,0.87,0.972,0.804,0.632,1.0,0.947,0.902,1.0,0.929,0.778,1.0	-0,116
311886	ENSG00000011132	APBA3	False	chr19	-	3753764	3753923	3752819	3752990	3754018	3754141	311886	55,42,59	9,4,8	30,26,53,41,36,33,40,53,55,45,19,49,27,33,41,50,44,42,24,37,51,34,46,69,37,44,41,31,64,44,36,30,53,38,29,65,23,38,40,70,74,24,45,36,37,55,52,35,58	2,0,0,2,4,0,0,1,2,2,1,4,1,3,0,0,4,3,7,1,1,2,5,0,3,2,1,4,3,5,3,0,0,0,3,1,1,1,3,1,9,7,0,1,2,0,2,5,0	150	75	5,48E-06	0,001735171	0.753,0.84,0.787	0.882,1.0,1.0,0.911,0.818,1.0,1.0,0.964,0.932,0.918,0.905,0.86,0.931,0.846,1.0,1.0,0.846,0.875,0.632,0.949,0.962,0.895,0.821,1.0,0.86,0.917,0.953,0.795,0.914,0.815,0.857,1.0,1.0,1.0,0.829,0.97,0.92,0.95,0.87,0.972,0.804,0.632,1.0,0.947,0.902,1.0,0.929,0.778,1.0	-0,116
284360	ENSG00000182866	LCK	False	chr1	+	32276345	32276489	32275913	32276063	32276606	32276786	284360	547,677,1065	184,113,255	256,412,517,460,522,717,747,774,768,460,766,744,493,666,757,468,812,539,445,553,791,299,525,509,573,302,611,722,269,498,331,522,616,708,547,977,458,366,425,313,1018,488,396,400,489,666,786,478,609	54,77,79,66,76,78,71,65,96,74,94,82,81,70,88,69,122,63,74,56,94,82,58,87,90,60,100,73,63,71,64,63,77,64,66,103,67,85,43,48,104,74,73,52,52,70,98,60,76	150	75	5,71E-06	0,001799873	0.598,0.75,0.676	0.703,0.728,0.766,0.777,0.774,0.821,0.84,0.856,0.8,0.757,0.803,0.819,0.753,0.826,0.811,0.772,0.769,0.811,0.75,0.832,0.808,0.646,0.819,0.745,0.761,0.716,0.753,0.832,0.681,0.778,0.721,0.806,0.8,0.847,0.806,0.826,0.774,0.683,0.832,0.765,0.83,0.767,0.731,0.794,0.825,0.826,0.8,0.799,0.8	-0,108
339864	ENSG00000198901	PRC1	False	chr15	-	90969078	90969117	90966039	90967202	90969446	90969623	339864	25,12,34	72,58,106	33,36,43,33,34,22,17,31,34,30,29,32,33,28,45,36,54,27,29,29,35,38,29,27,38,35,42,36,27,31,23,26,28,43,25,42,27,44,23,24,11,19,32,30,21,20,46,36,32	61,53,59,51,60,58,45,71,49,66,42,72,43,36,73,71,67,50,50,66,64,58,47,52,60,49,75,53,46,58,55,61,59,58,46,54,56,56,56,59,23,35,62,35,45,23,65,54,51	114	75	6,11E-06	0,00190096	0.186,0.12,0.174	0.262,0.309,0.324,0.299,0.272,0.2,0.199,0.223,0.313,0.23,0.312,0.226,0.336,0.338,0.289,0.25,0.347,0.262,0.276,0.224,0.265,0.301,0.289,0.255,0.294,0.32,0.269,0.309,0.279,0.26,0.216,0.219,0.238,0.328,0.263,0.338,0.241,0.341,0.213,0.211,0.239,0.263,0.253,0.361,0.235,0.364,0.318,0.305,0.292	-0,117
30903	ENSG00000015133	CCDC88C	CCDC88C	chr14	-	91285394	91285836	91283328	91283517	91289104	91289331	30903	14,15,36	7,13,36	41,31,43,22,20,14,39,55,31,49,26,43,34,33,41,23,77,28,8,45,29,27,25,39,40,49,56,37,31,24,5,21,38,44,33,63,30,44,40,27,39,13,38,25,18,45,65,41,55	16,5,7,6,14,1,16,7,16,8,8,9,5,5,15,7,12,19,9,12,15,11,16,6,6,10,9,2,7,10,3,9,14,4,11,25,11,11,9,8,29,6,7,16,6,11,3,14,9	150	75	6,49E-06	0,002000961	0.5,0.366,0.333	0.562,0.756,0.754,0.647,0.417,0.875,0.549,0.797,0.492,0.754,0.619,0.705,0.773,0.767,0.577,0.622,0.762,0.424,0.308,0.652,0.492,0.551,0.439,0.765,0.769,0.71,0.757,0.902,0.689,0.545,0.455,0.538,0.576,0.846,0.6,0.558,0.577,0.667,0.69,0.628,0.402,0.52,0.731,0.439,0.6,0.672,0.915,0.594,0.753	-0,237
9853	ENSG00000087586	AURKA	False	chr20	-	56388686	56388784	56388155	56388202	56392153	56392215	9853	8,7,10	17,29,25	21,21,31,11,24,13,6,17,25,12,9,7,35,33,21,15,14,20,28,13,21,10,15,21,15,43,23,9,21,28,19,26,12,15,18,5,7,34,18,17,38,14,22,7,23,18,33,34,8	13,10,24,15,19,9,16,15,24,12,24,21,23,19,27,19,23,6,20,14,29,17,14,19,15,18,21,23,10,20,20,7,13,22,12,27,17,21,13,18,26,14,16,15,30,38,38,18,18	150	75	6,58E-06	0,002024582	0.19,0.108,0.167	0.447,0.512,0.392,0.268,0.387,0.419,0.158,0.362,0.342,0.333,0.158,0.143,0.432,0.465,0.28,0.283,0.233,0.625,0.412,0.317,0.266,0.227,0.349,0.356,0.333,0.544,0.354,0.164,0.512,0.412,0.322,0.65,0.316,0.254,0.429,0.085,0.171,0.447,0.409,0.321,0.422,0.333,0.407,0.189,0.277,0.191,0.303,0.486,0.182	-0,185
393034	ENSG00000167632	TRAPPC9	TRAPPC9	chr8	-	140435111	140435228	140405292	140405698	140439051	140439197	393034	35,37,58	8,9,5	21,33,31,47,46,32,49,47,40,44,32,19,36,30,53,23,65,49,46,38,38,32,40,48,39,46,34,28,37,48,49,36,39,31,25,47,19,21,33,18,35,27,35,47,38,38,38,29,30	0,0,0,2,7,4,2,4,0,0,1,6,0,0,4,0,7,1,3,4,1,0,1,0,0,2,6,4,0,4,0,2,2,1,1,10,2,0,0,1,2,0,1,4,0,0,2,4,4	150	75	6,73E-06	0,002058375	0.686,0.673,0.853	1.0,1.0,1.0,0.922,0.767,0.8,0.925,0.855,1.0,1.0,0.941,0.613,1.0,1.0,0.869,1.0,0.823,0.961,0.885,0.826,0.95,1.0,0.952,1.0,1.0,0.92,0.739,0.778,1.0,0.857,1.0,0.9,0.907,0.939,0.926,0.701,0.826,1.0,1.0,0.9,0.897,1.0,0.946,0.855,1.0,1.0,0.905,0.784,0.789	-0,174
174663	ENSG00000136754	ABI1	False	chr10	-	26759061	26759238	26751597	26751783	26765217	26765318	174663	112,131,231	86,79,170	237,239,239,220,220,213,206,239,265,201,197,277,267,176,364,201,355,306,208,327,193,185,284,330,263,263,290,276,262,204,273,188,270,243,162,318,223,227,240,206,177,171,263,250,216,209,286,326,230	114,105,101,69,125,84,138,84,146,91,67,150,81,99,129,123,160,166,91,133,106,133,118,152,72,161,101,120,124,115,55,79,100,119,91,132,82,131,145,134,98,106,90,112,87,97,113,140,72	150	75	6,83E-06	0,002081625	0.394,0.453,0.405	0.51,0.532,0.542,0.615,0.468,0.559,0.427,0.587,0.476,0.525,0.595,0.48,0.622,0.471,0.585,0.45,0.526,0.48,0.533,0.551,0.477,0.41,0.546,0.521,0.646,0.45,0.589,0.535,0.514,0.47,0.713,0.543,0.574,0.505,0.471,0.546,0.576,0.464,0.453,0.435,0.475,0.446,0.594,0.527,0.554,0.519,0.559,0.538,0.615	-0,109
337823	ENSG00000100523	DDHD1	DDHD1	chr14	-	53051871	53051927	53046790	53046949	53054437	53054629	337823	52,67,124	27,37,57	64,39,34,46,46,25,65,39,40,45,13,38,37,25,50,47,50,34,31,41,57,43,63,60,37,54,37,31,51,38,35,24,46,43,39,44,48,51,61,51,15,28,41,71,30,34,33,49,25	45,31,32,30,35,27,32,62,37,39,67,60,45,37,44,32,53,50,24,29,27,37,37,55,49,29,37,54,32,25,27,20,28,49,45,61,36,37,34,28,17,29,34,40,27,21,48,49,37	131	75	7,31E-06	0,002195786	0.524,0.509,0.555	0.449,0.419,0.378,0.467,0.429,0.346,0.538,0.265,0.382,0.398,0.1,0.266,0.32,0.279,0.394,0.457,0.351,0.28,0.425,0.447,0.547,0.4,0.494,0.384,0.302,0.516,0.364,0.247,0.477,0.465,0.426,0.407,0.485,0.334,0.332,0.292,0.433,0.441,0.507,0.51,0.336,0.356,0.408,0.504,0.389,0.481,0.282,0.364,0.279	0,138
296245	ENSG00000058272	PPP1R12A	PPP1R12A	chr12	-	79806165	79806291	79798493	79798584	79807225	79807330	296245	72,89,163	33,58,103	141,98,104,121,114,106,138,108,109,167,138,85,113,82,168,117,197,76,68,123,128,124,128,149,128,117,149,145,128,121,65,84,146,145,137,134,98,121,94,106,141,76,131,123,107,133,121,129,121	53,40,33,28,41,41,39,30,40,47,26,25,49,33,29,35,36,39,25,61,38,39,29,58,42,43,41,66,60,39,31,32,62,53,66,37,31,33,32,35,42,26,45,48,45,39,48,45,50	150	75	7,40E-06	0,002220501	0.522,0.434,0.442	0.571,0.551,0.612,0.684,0.582,0.564,0.639,0.643,0.577,0.64,0.726,0.63,0.536,0.554,0.743,0.626,0.732,0.494,0.576,0.502,0.627,0.614,0.688,0.562,0.604,0.576,0.645,0.523,0.516,0.608,0.512,0.568,0.541,0.578,0.509,0.644,0.613,0.647,0.595,0.602,0.627,0.594,0.593,0.562,0.543,0.63,0.558,0.589,0.548	-0,13
179137	ENSG00000204482	LST1	False	chr6	+	31587640	31587733	31587116	31587318	31587943	31587966	179137	9,11,22	10,10,15	48,44,13,31,25,33,16,31,25,22,29,14,11,74,85,23,61,48,22,29,25,15,35,42,21,54,23,13,26,13,41,18,23,47,22,62,50,16,26,20,19,31,33,28,28,29,31,39,6	7,11,9,11,3,3,15,4,7,5,5,13,6,17,18,1,12,11,8,4,1,0,8,8,9,16,20,11,3,0,5,7,12,12,5,13,7,4,4,7,8,20,7,13,11,4,8,7,9	150	75	7,43E-06	0,002229536	0.31,0.355,0.423	0.774,0.667,0.419,0.585,0.806,0.846,0.348,0.795,0.641,0.688,0.744,0.35,0.478,0.685,0.702,0.92,0.718,0.686,0.579,0.784,0.926,1.0,0.686,0.724,0.538,0.628,0.365,0.371,0.812,1.0,0.804,0.562,0.489,0.662,0.688,0.705,0.781,0.667,0.765,0.588,0.543,0.437,0.702,0.519,0.56,0.784,0.66,0.736,0.25	-0,294
411432	ENSG00000149743	TRPT1	False	chr11	-	64224099	64224124	64223798	64223967	64224284	64224717	411432	15,17,18	13,6,52	13,20,23,17,22,17,20,15,24,27,22,21,30,27,21,23,51,25,15,18,16,20,18,32,23,17,21,32,17,11,30,16,21,19,25,30,20,21,19,21,17,28,29,15,20,24,20,28,9	3,0,3,1,5,14,3,2,2,2,3,0,4,0,2,0,7,8,6,19,3,2,11,4,12,5,5,2,4,21,4,1,1,3,1,6,0,1,2,3,10,7,1,13,1,5,14,8,0	100	75	8,01E-06	0,002367876	0.464,0.68,0.206	0.765,1.0,0.852,0.927,0.767,0.477,0.833,0.849,0.9,0.91,0.846,1.0,0.849,1.0,0.887,1.0,0.845,0.701,0.652,0.415,0.8,0.882,0.551,0.857,0.59,0.718,0.759,0.923,0.761,0.282,0.849,0.923,0.94,0.826,0.949,0.789,1.0,0.94,0.877,0.84,0.56,0.75,0.956,0.464,0.938,0.783,0.517,0.724,1.0	-0,35
167450	ENSG00000149743	TRPT1	False	chr11	-	64224099	64224210	64223798	64223967	64224284	64224341	167450	98,82,84	13,6,52	107,103,129,129,114,61,110,75,117,134,136,109,135,99,145,110,190,124,83,78,80,125,110,165,94,105,123,145,121,92,123,76,102,115,109,139,113,124,108,113,86,130,132,87,99,95,119,127,76	3,0,3,1,5,14,3,2,2,2,3,0,4,0,2,0,7,8,6,19,3,2,11,4,12,5,5,2,4,21,4,1,1,3,1,6,0,1,2,3,10,7,1,13,1,5,14,8,0	150	75	8,14E-06	0,002396471	0.79,0.872,0.447	0.947,1.0,0.956,0.985,0.919,0.685,0.948,0.949,0.967,0.971,0.958,1.0,0.944,1.0,0.973,1.0,0.931,0.886,0.874,0.672,0.93,0.969,0.833,0.954,0.797,0.913,0.925,0.973,0.938,0.687,0.939,0.974,0.981,0.95,0.982,0.921,1.0,0.984,0.964,0.95,0.811,0.903,0.985,0.77,0.98,0.905,0.81,0.888,1.0	-0,219
296237	ENSG00000058272	PPP1R12A	PPP1R12A	chr12	-	79806165	79806222	79798493	79798584	79807225	79807330	296237	65,78,137	33,58,103	128,92,96,108,103,88,120,103,94,145,124,78,105,74,148,109,184,70,64,115,104,117,119,141,112,106,134,126,119,109,59,75,132,131,121,127,89,109,88,96,124,68,120,111,78,121,103,120,104	53,40,33,28,41,41,39,30,40,47,26,25,49,33,29,35,36,39,25,61,38,39,29,58,42,43,41,66,60,39,31,32,62,53,66,37,31,33,32,35,42,26,45,48,45,39,48,45,50	132	75	8,46E-06	0,002475711	0.528,0.433,0.43	0.578,0.567,0.623,0.687,0.588,0.549,0.636,0.661,0.572,0.637,0.73,0.639,0.549,0.56,0.744,0.639,0.744,0.505,0.593,0.517,0.609,0.63,0.7,0.58,0.602,0.583,0.65,0.52,0.53,0.614,0.52,0.571,0.547,0.584,0.51,0.661,0.62,0.652,0.61,0.609,0.627,0.598,0.602,0.568,0.496,0.638,0.549,0.602,0.542	-0,137
262586	ENSG00000145012	LPP	False	chr3	+	188341655	188341719	188225404	188225527	188406111	188406313	262586	16,6,4	30,19,26	23,7,28,4,6,21,52,8,3,12,19,6,13,5,6,24,10,10,6,84,5,5,31,26,29,7,55,8,28,13,39,12,71,7,3,89,8,6,10,2,5,2,7,17,5,26,49,12,24	13,8,11,13,18,10,16,24,34,17,7,28,25,7,27,3,29,24,25,0,20,19,12,14,0,28,0,8,8,23,0,13,1,17,15,0,5,11,28,14,27,9,26,8,7,6,1,24,11	139	75	8,69E-06	0,002530987	0.223,0.146,0.077	0.488,0.321,0.579,0.142,0.152,0.531,0.637,0.152,0.045,0.276,0.594,0.104,0.219,0.278,0.107,0.812,0.157,0.184,0.115,1.0,0.119,0.124,0.582,0.501,1.0,0.119,1.0,0.35,0.654,0.234,1.0,0.332,0.975,0.182,0.097,1.0,0.463,0.227,0.162,0.072,0.091,0.107,0.127,0.534,0.278,0.7,0.964,0.212,0.541	-0,252
173432	ENSG00000196177	ACADSB	ACADSB	chr10	+	123051048	123051186	123047208	123047298	123053060	123053160	173432	139,202,265	0,1,96	247,215,191,217,216,200,354,234,256,231,235,238,278,137,303,178,352,170,136,241,301,205,281,285,351,222,260,317,257,190,138,224,303,269,316,325,191,217,199,222,234,193,259,199,186,267,283,240,243	0,0,0,0,0,0,0,0,0,0,0,0,0,0,0,0,0,0,0,0,0,0,0,0,0,0,0,0,0,0,0,0,0,0,0,0,0,0,0,0,0,0,0,0,0,0,0,0,0	150	75	8,99E-06	0,002605179	1.0,0.99,0.58	1.0,1.0,1.0,1.0,1.0,1.0,1.0,1.0,1.0,1.0,1.0,1.0,1.0,1.0,1.0,1.0,1.0,1.0,1.0,1.0,1.0,1.0,1.0,1.0,1.0,1.0,1.0,1.0,1.0,1.0,1.0,1.0,1.0,1.0,1.0,1.0,1.0,1.0,1.0,1.0,1.0,1.0,1.0,1.0,1.0,1.0,1.0,1.0,1.0	-0,143
116478	ENSG00000169689	CENPX	False	chr17	-	82019509	82019694	82019292	82019381	82019857	82019909	116478	24,44,87	116,76,201	35,30,49,40,50,51,46,30,69,52,36,48,35,33,53,40,66,63,64,54,26,30,72,71,46,46,52,47,62,35,56,40,36,28,31,87,43,52,54,59,57,48,45,57,44,55,39,44,33	44,48,66,36,62,99,68,53,92,74,52,63,56,36,45,44,72,82,76,75,74,50,90,83,76,61,60,72,98,62,62,71,68,18,72,100,42,66,51,106,111,60,54,66,61,85,55,51,48	150	75	9,91E-06	0,002831231	0.094,0.224,0.178	0.285,0.238,0.271,0.357,0.287,0.205,0.253,0.221,0.273,0.26,0.257,0.276,0.238,0.314,0.371,0.312,0.314,0.278,0.296,0.265,0.149,0.231,0.286,0.3,0.232,0.274,0.302,0.246,0.24,0.22,0.311,0.22,0.209,0.438,0.177,0.303,0.339,0.283,0.346,0.218,0.204,0.286,0.294,0.302,0.265,0.244,0.262,0.301,0.256	-0,106
6754	ENSG00000063241	ISOC2	False	chr19	-	55455635	55455845	55455259	55455330	55456348	55456489	6754	182,157,318	48,30,109	120,184,150,173,131,198,161,138,233,141,143,170,158,135,249,157,219,119,132,146,230,154,177,184,172,190,213,174,115,149,181,123,181,136,158,239,197,163,151,145,165,163,142,228,132,213,170,143,174	13,20,43,14,26,30,18,29,29,44,23,31,34,15,16,18,23,10,19,24,10,31,26,24,32,23,16,15,41,43,33,10,18,35,14,28,27,15,21,35,22,22,49,20,19,25,51,32,19	150	75	1,01E-05	0,002865859	0.655,0.724,0.593	0.822,0.821,0.636,0.861,0.716,0.767,0.817,0.704,0.801,0.616,0.757,0.733,0.699,0.818,0.886,0.813,0.826,0.856,0.776,0.753,0.92,0.713,0.773,0.793,0.729,0.805,0.869,0.853,0.584,0.634,0.733,0.86,0.834,0.66,0.849,0.81,0.785,0.845,0.782,0.674,0.789,0.787,0.592,0.851,0.776,0.81,0.625,0.691,0.821	-0,113
107495	ENSG00000198520	ARMH1	False	chr1	+	44724336	44724668	44724121	44724244	44724761	44724839	107495	98,56,67	2,9,12	70,70,99,115,70,59,62,60,119,97,86,135,77,116,132,147,154,94,65,78,78,98,68,89,57,105,97,84,53,73,43,84,68,100,42,163,95,82,51,68,59,40,103,42,69,83,84,141,85	1,0,1,2,3,2,0,0,0,5,3,3,2,3,3,2,0,3,4,4,3,3,2,2,8,5,1,3,7,3,2,1,1,2,4,7,3,5,1,4,4,3,2,0,5,0,6,2,3	150	75	1,01E-05	0,002874917	0.961,0.757,0.736	0.972,1.0,0.98,0.966,0.921,0.937,1.0,1.0,1.0,0.907,0.935,0.957,0.951,0.951,0.957,0.974,1.0,0.94,0.89,0.907,0.929,0.942,0.944,0.957,0.781,0.913,0.98,0.933,0.791,0.924,0.915,0.977,0.971,0.962,0.84,0.921,0.941,0.891,0.962,0.895,0.881,0.87,0.963,1.0,0.873,1.0,0.875,0.972,0.934	-0,118
201675	ENSG00000126001	CEP250	False	chr20	+	35508942	35509040	35508034	35508190	35509997	35510054	201675	88,94,120	2,28,11	105,103,95,92,118,119,111,173,154,137,140,122,169,101,166,125,175,100,67,116,133,61,102,172,91,97,136,163,116,124,75,118,139,143,149,201,100,131,78,64,144,92,106,106,132,125,123,144,161	7,2,5,0,6,5,8,4,8,6,4,5,8,0,3,4,7,0,2,4,3,3,4,13,3,2,3,0,7,2,4,0,2,3,7,7,0,2,4,1,9,2,2,6,4,9,8,5,3	150	75	1,09E-05	0,003043222	0.957,0.627,0.845	0.882,0.963,0.905,1.0,0.908,0.922,0.874,0.956,0.906,0.919,0.946,0.924,0.914,1.0,0.965,0.94,0.926,1.0,0.944,0.935,0.957,0.91,0.927,0.869,0.938,0.96,0.958,1.0,0.892,0.969,0.904,1.0,0.972,0.96,0.914,0.935,1.0,0.97,0.907,0.97,0.889,0.958,0.964,0.898,0.943,0.874,0.885,0.935,0.964	-0,128
167449	ENSG00000149743	TRPT1	False	chr11	-	64224099	64224162	64223829	64223967	64224284	64224341	167449	65,51,60	13,6,52	75,73,77,76,73,46,76,54,80,83,93,79,81,63,81,75,132,86,57,52,56,84,63,100,65,63,77,98,79,68,84,49,70,78,72,92,78,81,75,68,56,87,91,61,60,61,81,93,47	3,0,3,1,5,14,3,2,2,2,3,0,4,0,2,0,7,8,6,19,3,2,11,4,12,5,5,2,4,21,4,1,1,3,1,6,0,1,2,3,10,7,1,13,1,5,14,8,0	138	75	1,12E-05	0,003112862	0.731,0.822,0.385	0.931,1.0,0.933,0.976,0.888,0.641,0.932,0.936,0.956,0.958,0.944,1.0,0.917,1.0,0.957,1.0,0.911,0.854,0.838,0.598,0.91,0.958,0.757,0.931,0.746,0.873,0.893,0.964,0.915,0.638,0.919,0.964,0.974,0.934,0.975,0.893,1.0,0.978,0.953,0.925,0.753,0.871,0.98,0.718,0.97,0.869,0.759,0.863,1.0	-0,253
346593	ENSG00000108639	SYNGR2	False	chr17	+	78171308	78171649	78170816	78171054	78171738	78171942	346593	209,174,520	38,52,123	217,239,179,213,274,337,267,202,440,234,164,279,279,139,342,236,258,403,375,315,236,192,368,391,312,295,237,171,347,256,323,214,303,236,206,329,255,253,332,294,218,271,266,405,198,231,224,243,154	28,32,31,19,41,57,39,24,52,36,14,35,52,22,34,24,45,52,64,44,38,33,52,46,42,55,17,15,57,28,49,45,41,17,38,26,33,40,34,54,70,34,42,36,23,65,28,27,25	150	75	1,14E-05	0,003158347	0.733,0.626,0.679	0.795,0.789,0.743,0.849,0.77,0.747,0.774,0.808,0.809,0.765,0.854,0.799,0.728,0.76,0.834,0.831,0.741,0.795,0.746,0.782,0.756,0.744,0.78,0.81,0.788,0.728,0.875,0.851,0.753,0.821,0.767,0.704,0.787,0.874,0.73,0.864,0.794,0.76,0.83,0.731,0.609,0.799,0.76,0.849,0.811,0.64,0.8,0.818,0.755	-0,102
31339	ENSG00000100429	HDAC10	False	chr22	-	50250426	50250523	50250062	50250160	50250770	50250905	31339	10,15,42	9,9,8	32,40,50,69,37,52,59,49,70,73,56,76,43,54,76,65,101,64,28,33,51,33,42,74,36,57,75,71,51,59,35,60,59,58,52,90,46,53,37,40,74,88,51,37,57,62,60,76,50	7,2,8,10,2,4,4,4,5,11,5,12,15,3,5,5,8,5,2,1,7,5,5,3,4,7,7,1,7,1,1,1,9,2,4,8,2,2,4,5,8,5,6,2,1,9,2,15,5	150	75	1,21E-05	0,003325547	0.357,0.455,0.724	0.696,0.909,0.758,0.775,0.902,0.867,0.881,0.86,0.875,0.768,0.848,0.76,0.589,0.9,0.884,0.867,0.863,0.865,0.875,0.943,0.785,0.767,0.808,0.925,0.818,0.803,0.843,0.973,0.785,0.967,0.946,0.968,0.766,0.935,0.867,0.849,0.92,0.93,0.822,0.8,0.822,0.898,0.81,0.902,0.966,0.775,0.938,0.717,0.833	-0,337
346600	ENSG00000108639	SYNGR2	False	chr17	+	78171559	78171649	78170816	78171054	78171738	78171942	346600	209,174,527	38,52,123	217,239,179,213,274,337,267,202,440,234,164,279,279,139,342,236,258,403,375,315,236,192,368,391,312,295,237,171,347,256,323,214,303,242,206,339,255,253,332,294,226,280,266,405,197,231,224,243,154	28,32,31,19,41,57,39,24,52,36,14,35,52,22,34,24,45,52,64,44,38,33,52,46,42,55,17,15,57,28,49,45,41,17,38,26,33,40,34,54,70,34,42,36,23,65,28,27,25	150	75	1,30E-05	0,00353312	0.733,0.626,0.682	0.795,0.789,0.743,0.849,0.77,0.747,0.774,0.808,0.809,0.765,0.854,0.799,0.728,0.76,0.834,0.831,0.741,0.795,0.746,0.782,0.756,0.744,0.78,0.81,0.788,0.728,0.875,0.851,0.753,0.821,0.767,0.704,0.787,0.877,0.73,0.867,0.794,0.76,0.83,0.731,0.617,0.805,0.76,0.849,0.811,0.64,0.8,0.818,0.755	-0,102
165701	ENSG00000168067	MAP4K2	False	chr11	-	64800899	64801031	64800763	64800826	64801110	64801183	165701	177,153,180	45,24,53	234,230,165,219,273,232,250,225,338,216,249,320,169,211,354,238,402,191,139,195,157,211,191,319,163,215,362,220,156,293,132,206,214,234,199,375,222,221,144,122,237,213,246,238,236,311,302,295,224	39,26,24,22,22,33,31,20,41,25,21,36,30,18,37,31,30,42,28,27,29,29,20,48,25,34,43,22,34,42,27,19,32,30,17,30,20,38,23,19,21,20,31,38,20,31,21,35,20	150	75	1,32E-05	0,003576177	0.663,0.761,0.629	0.75,0.816,0.775,0.833,0.861,0.779,0.801,0.849,0.805,0.812,0.856,0.816,0.738,0.854,0.827,0.793,0.87,0.695,0.713,0.783,0.73,0.784,0.827,0.769,0.765,0.76,0.808,0.833,0.696,0.777,0.71,0.844,0.77,0.796,0.854,0.862,0.847,0.744,0.758,0.763,0.849,0.842,0.799,0.758,0.855,0.834,0.878,0.808,0.848	-0,116
113644	ENSG00000065802	ASB1	False	chr2	+	238435710	238436013	238433313	238433695	238444341	238444375	113644	74,59,90	12,13,29	71,88,77,85,62,73,73,65,106,94,66,107,83,80,101,72,97,66,58,73,82,103,87,100,68,104,109,72,97,62,49,58,91,69,58,117,84,101,77,70,107,87,88,72,66,96,67,88,70	7,9,10,14,5,7,7,6,7,10,5,10,14,4,13,6,8,13,15,2,8,9,8,13,6,11,8,14,6,7,11,4,6,9,6,12,5,14,3,11,7,4,2,7,8,16,8,8,5	150	75	1,33E-05	0,00359361	0.755,0.694,0.608	0.835,0.83,0.794,0.752,0.861,0.839,0.839,0.844,0.883,0.825,0.868,0.843,0.748,0.909,0.795,0.857,0.858,0.717,0.659,0.948,0.837,0.851,0.845,0.794,0.85,0.825,0.872,0.72,0.89,0.816,0.69,0.879,0.883,0.793,0.829,0.83,0.894,0.783,0.928,0.761,0.884,0.916,0.957,0.837,0.805,0.75,0.807,0.846,0.875	-0,146
155955	ENSG00000183077	AFMID	False	chr17	+	78204655	78204741	78202702	78202751	78204827	78204852	155955	6,10,15	13,12,18	24,23,10,23,21,20,16,17,25,33,10,25,22,19,25,27,22,14,5,5,36,19,10,16,22,28,32,27,8,21,23,21,18,26,9,28,18,24,6,6,26,28,24,10,24,19,22,15,31	9,13,11,12,7,11,10,4,10,13,10,9,11,6,10,12,8,2,7,4,15,16,7,7,13,7,12,8,7,6,14,7,10,8,3,7,11,11,1,13,14,8,16,10,5,11,9,8,9	150	75	1,36E-05	0,003643835	0.188,0.294,0.294	0.571,0.469,0.312,0.489,0.6,0.476,0.444,0.68,0.556,0.559,0.333,0.581,0.5,0.613,0.556,0.529,0.579,0.778,0.263,0.385,0.545,0.373,0.417,0.533,0.458,0.667,0.571,0.628,0.364,0.636,0.451,0.6,0.474,0.619,0.6,0.667,0.45,0.522,0.75,0.188,0.481,0.636,0.429,0.333,0.706,0.463,0.55,0.484,0.633	-0,262
113794	ENSG00000100523	DDHD1	DDHD1	chr14	-	53051843	53051927	53036744	53046949	53054437	53054629	113794	106,118,256	27,37,57	124,76,82,102,73,61,115,74,84,90,37,69,79,38,95,106,101,59,79,99,112,88,118,115,87,97,78,62,109,80,61,53,98,88,92,103,80,89,107,105,51,70,84,123,70,76,85,118,63	45,31,32,30,35,27,32,62,37,39,67,60,45,37,44,32,53,50,24,29,27,37,37,55,49,29,37,54,32,25,27,20,28,49,45,61,36,37,34,28,17,29,34,40,27,21,48,49,37	150	75	1,38E-05	0,003691732	0.662,0.615,0.692	0.579,0.551,0.562,0.63,0.51,0.53,0.642,0.374,0.532,0.536,0.216,0.365,0.467,0.339,0.519,0.624,0.488,0.371,0.622,0.631,0.675,0.543,0.615,0.511,0.47,0.626,0.513,0.365,0.63,0.615,0.53,0.57,0.636,0.473,0.505,0.458,0.526,0.546,0.611,0.652,0.6,0.547,0.553,0.606,0.565,0.644,0.47,0.546,0.46	0,123
140494	ENSG00000164896	FASTK	False	chr7	-	151076912	151077027	151076623	151076832	151077100	151077236	140494	67,46,102	9,6,21	72,51,97,61,81,64,98,66,78,121,50,146,111,53,98,99,142,97,55,95,90,60,118,136,71,125,104,72,108,71,104,51,95,62,76,125,91,67,90,122,111,70,95,87,58,156,84,96,85	5,5,4,10,8,6,0,4,8,7,2,4,12,2,5,5,8,4,4,7,10,4,12,7,5,9,10,6,6,12,7,3,8,9,5,7,2,8,7,9,4,8,3,2,5,4,7,4,2	150	75	1,39E-05	0,003713078	0.788,0.793,0.708	0.878,0.836,0.924,0.753,0.835,0.842,1.0,0.892,0.83,0.896,0.926,0.948,0.822,0.93,0.907,0.908,0.899,0.924,0.873,0.872,0.818,0.882,0.831,0.907,0.877,0.874,0.839,0.857,0.9,0.747,0.881,0.895,0.856,0.775,0.884,0.899,0.958,0.807,0.865,0.871,0.933,0.814,0.941,0.956,0.853,0.951,0.857,0.923,0.955	-0,117
56495	ENSG00000145012	LPP	False	chr3	+	188341662	188341719	188225404	188225527	188406111	188406313	56495	16,6,5	30,19,26	17,7,25,7,7,14,37,8,5,16,17,8,17,9,6,19,12,12,9,70,5,5,24,22,19,7,42,8,20,12,28,12,53,10,4,63,10,7,13,3,6,2,10,11,5,14,33,11,17	13,8,11,13,18,10,16,24,34,17,7,28,25,7,27,3,29,24,25,0,20,19,12,14,0,28,0,8,8,23,0,13,1,17,15,0,5,11,28,14,27,9,26,8,7,6,1,24,11	132	75	1,43E-05	0,003790038	0.233,0.152,0.099	0.426,0.332,0.564,0.234,0.181,0.443,0.568,0.159,0.077,0.348,0.58,0.14,0.279,0.422,0.112,0.783,0.19,0.221,0.17,1.0,0.124,0.13,0.532,0.472,1.0,0.124,1.0,0.362,0.587,0.229,1.0,0.344,0.968,0.251,0.132,1.0,0.532,0.266,0.209,0.109,0.112,0.112,0.179,0.439,0.289,0.57,0.949,0.207,0.468	-0,245
281743	ENSG00000178896	EXOSC4	False	chr8	+	144080131	144080149	144079942	144080021	144080241	144080579	281743	31,25,74	8,5,20	18,19,21,20,21,30,32,13,28,25,16,46,25,14,32,19,21,24,14,19,26,32,20,36,31,33,30,14,13,24,24,8,23,14,28,30,29,24,16,18,59,22,21,34,23,59,36,13,18	1,4,1,0,4,5,4,2,6,2,1,4,1,1,6,3,1,1,0,1,5,4,3,1,8,0,0,2,1,3,3,3,6,2,2,1,2,2,3,2,2,5,3,1,2,3,4,1,0	93	75	1,53E-05	0,004009093	0.758,0.801,0.749	0.936,0.793,0.944,1.0,0.809,0.829,0.866,0.84,0.79,0.91,0.928,0.903,0.953,0.919,0.811,0.836,0.944,0.951,1.0,0.939,0.807,0.866,0.843,0.967,0.758,1.0,1.0,0.85,0.913,0.866,0.866,0.683,0.756,0.85,0.919,0.96,0.921,0.906,0.811,0.879,0.96,0.78,0.85,0.965,0.903,0.941,0.879,0.913,1.0	-0,119
411441	ENSG00000149743	TRPT1	False	chr11	-	64224134	64224210	64223855	64223967	64224284	64224341	411441	30,29,28	13,6,52	34,31,49,54,40,15,29,17,44,48,42,35,55,35,63,36,59,43,25,26,26,38,48,60,32,45,50,40,40,25,40,27,33,37,38,48,36,46,36,45,26,47,41,27,35,33,40,35,30	3,0,3,1,5,14,3,2,2,2,3,0,4,0,2,0,7,8,6,19,3,2,11,4,12,5,5,2,4,21,4,1,1,3,1,6,0,1,2,3,10,7,1,13,1,5,14,8,0	150	75	1,59E-05	0,004152104	0.536,0.707,0.212	0.85,1.0,0.891,0.964,0.8,0.349,0.829,0.81,0.917,0.923,0.875,1.0,0.873,1.0,0.94,1.0,0.808,0.729,0.676,0.406,0.812,0.905,0.686,0.882,0.571,0.818,0.833,0.909,0.833,0.373,0.833,0.931,0.943,0.86,0.95,0.8,1.0,0.958,0.9,0.882,0.565,0.77,0.953,0.509,0.946,0.767,0.588,0.686,1.0	-0,333
325408	ENSG00000183963	SMTN	False	chr22	+	31096674	31097060	31095559	31095609	31097268	31097338	325408	16,14,27	7,8,6	20,28,33,16,15,26,16,16,20,19,28,19,30,20,24,12,32,8,21,25,24,20,21,39,22,30,25,16,13,17,25,16,16,17,19,26,20,22,16,23,17,20,26,21,20,27,32,18,20	1,1,4,2,1,9,3,1,2,4,4,0,0,5,1,3,1,0,3,10,6,2,0,2,3,2,0,4,5,2,1,3,1,0,2,2,2,1,1,2,6,0,3,1,2,4,1,2,2	150	75	1,68E-05	0,004356777	0.533,0.467,0.692	0.909,0.933,0.805,0.8,0.882,0.591,0.727,0.889,0.833,0.704,0.778,1.0,1.0,0.667,0.923,0.667,0.941,1.0,0.778,0.556,0.667,0.833,1.0,0.907,0.786,0.882,1.0,0.667,0.565,0.81,0.926,0.727,0.889,1.0,0.826,0.867,0.833,0.917,0.889,0.852,0.586,1.0,0.812,0.913,0.833,0.771,0.941,0.818,0.833	-0,267
411438	ENSG00000149743	TRPT1	False	chr11	-	64224100	64224210	64223855	64223967	64224284	64224341	411438	30,29,27	13,6,52	33,31,49,54,40,15,30,17,44,48,42,35,55,35,63,36,59,43,25,26,26,38,48,60,32,45,50,40,40,25,40,27,33,37,38,48,36,46,36,45,26,47,41,27,35,33,40,35,30	3,0,3,1,5,14,3,2,2,2,3,0,4,0,2,0,7,8,6,19,3,2,11,4,12,5,5,2,4,21,4,1,1,3,1,6,0,1,2,3,10,7,1,13,1,5,14,8,0	150	75	1,73E-05	0,004452493	0.536,0.707,0.206	0.846,1.0,0.891,0.964,0.8,0.349,0.833,0.81,0.917,0.923,0.875,1.0,0.873,1.0,0.94,1.0,0.808,0.729,0.676,0.406,0.812,0.905,0.686,0.882,0.571,0.818,0.833,0.909,0.833,0.373,0.833,0.931,0.943,0.86,0.95,0.8,1.0,0.958,0.9,0.882,0.565,0.77,0.953,0.509,0.946,0.767,0.588,0.686,1.0	-0,335
422666	ENSG00000108175	ZMIZ1	ZMIZ1	chr10	+	79310923	79310972	79307404	79307571	79312641	79316519	422666	46,48,57	52,61,82	58,64,51,58,57,76,109,67,110,70,70,79,76,63,124,69,135,62,46,83,70,41,81,94,74,79,55,41,60,69,28,53,88,60,61,114,58,55,70,54,155,85,54,80,23,73,71,75,53	47,57,35,20,48,48,95,62,75,60,43,63,58,38,68,65,86,37,33,66,56,48,64,65,44,80,44,39,59,41,16,46,67,62,31,107,42,62,46,44,98,53,35,47,24,54,53,60,28	124	75	1,74E-05	0,004478621	0.349,0.322,0.296	0.427,0.404,0.468,0.637,0.418,0.489,0.41,0.395,0.47,0.414,0.496,0.431,0.442,0.501,0.524,0.391,0.487,0.503,0.457,0.432,0.431,0.341,0.434,0.467,0.504,0.374,0.431,0.389,0.381,0.504,0.514,0.411,0.443,0.369,0.543,0.392,0.455,0.349,0.479,0.426,0.489,0.492,0.483,0.507,0.367,0.45,0.448,0.431,0.534	-0,127
15678	ENSG00000141503	MINK1	False	chr17	+	4892401	4892512	4892148	4892234	4892655	4892768	15678	109,149,162	27,5,9	162,160,244,112,149,140,242,201,217,201,109,252,245,113,229,200,217,242,146,172,170,173,231,149,149,259,209,158,246,172,147,177,188,161,126,266,121,166,153,200,272,107,179,102,89,284,225,211,156	7,5,8,2,2,8,7,6,11,4,4,7,7,10,7,5,2,11,6,3,2,7,4,5,2,11,5,3,5,3,5,5,10,4,1,7,5,13,9,4,6,0,6,1,3,7,4,8,3	150	75	1,78E-05	0,004547352	0.669,0.937,0.9	0.92,0.941,0.938,0.966,0.974,0.897,0.945,0.944,0.908,0.962,0.932,0.947,0.946,0.85,0.942,0.952,0.982,0.917,0.924,0.966,0.977,0.925,0.967,0.937,0.974,0.922,0.954,0.963,0.961,0.966,0.936,0.947,0.904,0.953,0.984,0.95,0.924,0.865,0.895,0.962,0.958,1.0,0.937,0.981,0.937,0.953,0.966,0.93,0.963	-0,108
230159	ENSG00000100429	HDAC10	False	chr22	-	50250426	50250489	50250062	50250160	50250770	50251385	230159	5,12,14	9,9,8	14,18,23,29,16,21,23,28,33,30,24,34,18,21,37,23,44,31,14,12,25,14,21,24,15,23,30,27,21,26,19,25,20,25,14,29,15,23,15,13,29,38,19,16,24,25,24,37,15	7,2,8,10,2,4,4,4,5,11,5,12,15,3,5,5,8,5,2,1,7,5,5,3,4,7,7,1,7,1,1,1,9,2,4,8,2,2,4,5,8,5,6,2,1,9,2,15,5	138	75	1,89E-05	0,00480779	0.232,0.42,0.487	0.521,0.83,0.61,0.612,0.813,0.74,0.758,0.792,0.782,0.597,0.723,0.606,0.395,0.792,0.801,0.714,0.749,0.771,0.792,0.867,0.66,0.603,0.695,0.813,0.671,0.641,0.7,0.936,0.62,0.934,0.912,0.931,0.547,0.872,0.655,0.663,0.803,0.862,0.671,0.586,0.663,0.805,0.632,0.813,0.929,0.602,0.867,0.573,0.62	-0,346
174659	ENSG00000136754	ABI1	False	chr10	-	26759061	26759235	26751597	26751783	26765217	26765318	174659	71,80,166	86,79,170	151,188,157,142,158,140,139,160,159,144,122,177,181,132,233,117,225,197,153,226,146,111,200,217,157,180,202,167,155,114,190,117,211,149,110,198,152,185,141,128,116,121,181,176,165,138,185,168,168	114,105,101,69,125,84,138,84,146,91,67,150,81,99,129,123,160,166,91,133,106,133,118,152,72,161,101,120,124,115,55,79,100,119,91,132,82,131,145,134,98,106,90,112,87,97,113,140,72	150	75	1,95E-05	0,004929482	0.292,0.336,0.328	0.398,0.472,0.437,0.507,0.387,0.455,0.335,0.488,0.353,0.442,0.477,0.371,0.528,0.4,0.475,0.322,0.413,0.372,0.457,0.459,0.408,0.294,0.459,0.417,0.522,0.359,0.5,0.41,0.385,0.331,0.633,0.425,0.513,0.385,0.377,0.429,0.481,0.414,0.327,0.323,0.372,0.363,0.501,0.44,0.487,0.416,0.45,0.375,0.538	-0,107
67956	ENSG00000167110	GOLGA2	False	chr9	-	128267193	128267259	128266286	128266325	128267457	128267517	67956	17,27,52	22,14,26	22,33,57,34,36,35,28,59,39,41,39,40,42,34,47,30,63,51,22,52,53,52,46,35,49,42,62,56,37,24,34,39,50,31,21,46,38,24,45,40,60,17,22,26,35,60,40,40,62	5,3,13,5,13,15,14,10,6,11,6,6,13,12,7,8,7,16,4,11,15,11,13,13,6,14,11,7,9,13,11,7,10,6,13,13,5,11,6,14,16,4,4,4,9,9,6,10,6	141	75	1,98E-05	0,004976086	0.291,0.506,0.515	0.701,0.854,0.7,0.783,0.596,0.554,0.515,0.758,0.776,0.665,0.776,0.78,0.632,0.601,0.781,0.666,0.827,0.629,0.745,0.715,0.653,0.715,0.653,0.589,0.813,0.615,0.75,0.81,0.686,0.495,0.622,0.748,0.727,0.733,0.462,0.653,0.802,0.537,0.8,0.603,0.666,0.693,0.745,0.776,0.674,0.78,0.78,0.68,0.846	-0,26
115097	ENSG00000198901	PRC1	False	chr15	-	90969078	90969120	90966039	90967202	90969446	90969623	115097	51,22,65	72,58,106	54,66,73,67,61,42,35,49,57,44,57,53,66,53,86,56,88,46,50,50,70,68,43,52,75,60,89,72,52,62,45,41,57,85,50,81,53,81,42,46,26,37,64,45,44,41,76,70,55	61,53,59,51,60,58,45,71,49,66,42,72,43,36,73,71,67,50,50,66,64,58,47,52,60,49,75,53,46,58,55,61,59,58,46,54,56,56,56,59,23,35,62,35,45,23,65,54,51	117	75	2,01E-05	0,005030342	0.312,0.196,0.282	0.362,0.444,0.442,0.457,0.395,0.317,0.333,0.307,0.427,0.299,0.465,0.321,0.496,0.486,0.43,0.336,0.457,0.371,0.391,0.327,0.412,0.429,0.37,0.391,0.445,0.44,0.432,0.465,0.42,0.407,0.344,0.301,0.382,0.484,0.411,0.49,0.378,0.481,0.325,0.333,0.42,0.404,0.398,0.452,0.385,0.533,0.428,0.454,0.409	-0,143
206333	ENSG00000170004	CHD3	CHD3	chr17	+	7895353	7895542	7894916	7895150	7897082	7897294	206333	184,173,221	65,28,45	168,171,171,179,174,155,238,229,227,160,236,185,206,154,283,150,248,168,149,209,150,138,229,243,102,251,200,194,170,206,136,138,200,231,164,224,165,192,158,154,182,129,176,159,156,148,248,173,145	24,22,15,20,30,30,23,19,24,21,22,15,25,18,39,21,24,19,19,28,19,15,29,26,27,27,32,12,14,21,13,20,31,9,21,34,21,16,16,22,22,14,23,18,15,21,25,15,13	150	75	2,27E-05	0,005564257	0.586,0.755,0.711	0.778,0.795,0.851,0.817,0.744,0.721,0.838,0.858,0.825,0.792,0.843,0.86,0.805,0.811,0.784,0.781,0.838,0.816,0.797,0.789,0.798,0.821,0.798,0.824,0.654,0.823,0.758,0.89,0.859,0.831,0.84,0.775,0.763,0.928,0.796,0.767,0.797,0.857,0.832,0.778,0.805,0.822,0.793,0.815,0.839,0.779,0.832,0.852,0.848	-0,127
411434	ENSG00000149743	TRPT1	False	chr11	-	64224099	64224213	64223798	64223967	64224284	64224717	411434	74,54,62	13,6,52	78,78,85,81,81,52,84,64,74,89,98,76,83,69,90,75,136,85,58,55,58,90,66,112,65,65,75,108,87,69,86,50,72,81,80,95,83,81,76,68,64,87,97,62,65,66,84,97,50	3,0,3,1,5,14,3,2,2,2,3,0,4,0,2,0,7,8,6,19,3,2,11,4,12,5,5,2,4,21,4,1,1,3,1,6,0,1,2,3,10,7,1,13,1,5,14,8,0	150	75	2,35E-05	0,005739493	0.74,0.818,0.373	0.929,1.0,0.934,0.976,0.89,0.65,0.933,0.941,0.949,0.957,0.942,1.0,0.912,1.0,0.957,1.0,0.907,0.842,0.829,0.591,0.906,0.957,0.75,0.933,0.73,0.867,0.882,0.964,0.916,0.622,0.915,0.962,0.973,0.931,0.976,0.888,1.0,0.976,0.95,0.919,0.762,0.861,0.98,0.705,0.97,0.868,0.75,0.858,1.0	-0,252
193451	ENSG00000104964	TLE5	False	chr19	-	3062173	3062180	3060951	3061257	3062699	3063107	193451	123,43,87	101,97,211	99,89,117,100,127,123,109,93,109,145,73,103,75,80,118,110,138,122,59,69,93,113,63,116,91,152,114,102,127,84,122,110,75,78,57,120,92,110,71,90,66,124,116,76,103,31,84,105,108	51,60,81,31,90,146,119,67,34,98,34,8,76,62,60,44,38,129,53,20,94,71,66,24,12,101,69,60,66,41,92,96,37,62,68,132,69,26,78,111,10,65,32,42,82,50,97,60,117	82	75	2,39E-05	0,005815287	0.527,0.288,0.274	0.64,0.576,0.569,0.747,0.563,0.435,0.456,0.559,0.746,0.575,0.663,0.922,0.474,0.541,0.643,0.696,0.769,0.464,0.505,0.759,0.475,0.593,0.466,0.816,0.874,0.579,0.602,0.609,0.638,0.652,0.548,0.512,0.65,0.535,0.434,0.454,0.549,0.795,0.454,0.426,0.858,0.636,0.768,0.623,0.535,0.362,0.442,0.615,0.458	-0,234
230161	ENSG00000100429	HDAC10	False	chr22	-	50250426	50250499	50250062	50250160	50250770	50251385	230161	8,12,19	9,9,8	19,19,23,33,17,23,25,32,37,31,26,38,25,23,47,24,49,39,17,21,26,17,23,26,18,28,31,33,26,31,22,28,23,27,18,41,19,25,20,13,33,42,22,18,29,28,28,46,19	7,2,8,10,2,4,4,4,5,11,5,12,15,3,5,5,8,5,2,1,7,5,5,3,4,7,7,1,7,1,1,1,9,2,4,8,2,2,4,5,8,5,6,2,1,9,2,15,5	148	75	2,41E-05	0,005859956	0.311,0.403,0.546	0.579,0.828,0.593,0.626,0.812,0.744,0.76,0.802,0.789,0.588,0.725,0.616,0.458,0.795,0.826,0.709,0.756,0.798,0.812,0.914,0.653,0.633,0.7,0.815,0.695,0.67,0.692,0.944,0.653,0.94,0.918,0.934,0.564,0.872,0.695,0.722,0.828,0.864,0.717,0.569,0.676,0.81,0.65,0.82,0.936,0.612,0.876,0.608,0.658	-0,32
230163	ENSG00000100429	HDAC10	False	chr22	-	50250426	50250591	50250062	50250160	50250770	50251385	230163	7,12,18	9,9,8	19,19,23,33,17,23,25,31,36,32,26,37,21,23,40,24,46,39,14,17,26,17,23,26,18,28,33,34,23,30,20,28,23,27,18,38,17,25,17,13,29,45,22,18,27,23,25,46,19	7,2,8,10,2,4,4,4,5,11,5,12,15,3,5,5,8,5,2,1,7,5,5,3,4,7,7,1,7,1,1,1,9,2,4,8,2,2,4,5,8,5,6,2,1,9,2,15,5	150	75	2,48E-05	0,006013042	0.28,0.4,0.529	0.576,0.826,0.59,0.623,0.81,0.742,0.758,0.795,0.783,0.593,0.722,0.607,0.412,0.793,0.8,0.706,0.742,0.796,0.778,0.895,0.65,0.63,0.697,0.812,0.692,0.667,0.702,0.944,0.622,0.938,0.909,0.933,0.561,0.871,0.692,0.704,0.81,0.862,0.68,0.565,0.644,0.818,0.647,0.818,0.931,0.561,0.862,0.605,0.655	-0,328
2291	ENSG00000100099	HPS4	False	chr22	-	26466050	26466104	26465454	26465551	26466225	26466262	2291	11,16,18	35,44,39	15,14,23,19,16,13,29,21,10,34,13,18,23,21,31,15,29,13,16,22,14,28,29,24,20,12,34,22,20,9,24,17,28,19,20,28,24,23,15,21,22,7,21,30,10,13,29,19,24	21,18,32,22,22,26,21,28,32,29,14,22,24,22,34,30,16,29,16,22,30,32,25,22,24,25,34,40,37,14,9,21,23,29,21,45,21,20,19,30,20,23,25,19,10,32,29,16,28	129	75	2,61E-05	0,006280048	0.154,0.175,0.212	0.293,0.311,0.295,0.334,0.297,0.225,0.445,0.304,0.154,0.405,0.351,0.322,0.358,0.357,0.346,0.225,0.513,0.207,0.368,0.368,0.213,0.337,0.403,0.388,0.326,0.218,0.368,0.242,0.239,0.272,0.608,0.32,0.414,0.276,0.356,0.266,0.399,0.401,0.315,0.289,0.39,0.15,0.328,0.479,0.368,0.191,0.368,0.408,0.333	-0,149
67958	ENSG00000167110	GOLGA2	False	chr9	-	128267193	128267274	128266286	128266325	128267457	128267517	67958	22,41,84	22,14,26	46,65,92,53,55,60,46,82,77,59,52,57,67,51,85,47,104,84,36,85,81,75,69,52,75,76,93,77,66,40,61,65,71,53,37,85,63,53,64,67,92,33,36,39,54,93,66,78,87	5,3,13,5,13,15,14,10,6,11,6,6,13,12,7,8,7,16,4,11,15,11,13,13,6,14,11,7,9,13,11,7,10,6,13,13,5,11,6,14,16,4,4,4,9,9,6,10,6	150	75	2,79E-05	0,006607707	0.333,0.594,0.618	0.821,0.915,0.78,0.841,0.679,0.667,0.622,0.804,0.865,0.728,0.812,0.826,0.72,0.68,0.859,0.746,0.881,0.724,0.818,0.794,0.73,0.773,0.726,0.667,0.862,0.731,0.809,0.846,0.786,0.606,0.735,0.823,0.78,0.815,0.587,0.766,0.863,0.707,0.842,0.705,0.742,0.805,0.818,0.83,0.75,0.838,0.846,0.796,0.879	-0,261
329846	ENSG00000198520	ARMH1	False	chr1	+	44724369	44724668	44724121	44724244	44724761	44724839	329846	81,50,61	2,9,12	57,54,82,95,56,50,48,51,100,79,73,111,69,106,109,118,128,75,51,69,68,78,59,77,52,88,75,70,43,58,32,72,55,81,37,140,84,67,45,50,52,34,91,33,58,74,71,120,75	1,0,1,2,3,2,0,0,0,5,3,3,2,3,3,2,0,3,4,4,3,3,2,2,8,5,1,3,7,3,2,1,1,2,4,7,3,5,1,4,4,3,2,0,5,0,6,2,3	150	75	2,83E-05	0,006654623	0.953,0.735,0.718	0.966,1.0,0.976,0.96,0.903,0.926,1.0,1.0,1.0,0.888,0.924,0.949,0.945,0.946,0.948,0.967,1.0,0.926,0.864,0.896,0.919,0.929,0.937,0.951,0.765,0.898,0.974,0.921,0.754,0.906,0.889,0.973,0.965,0.953,0.822,0.909,0.933,0.87,0.957,0.862,0.867,0.85,0.958,1.0,0.853,1.0,0.855,0.968,0.926	-0,123
329852	ENSG00000198520	ARMH1	False	chr1	+	44724520	44724668	44724121	44724244	44724761	44724839	329852	81,50,61	2,9,12	57,54,82,95,56,50,48,51,100,79,73,111,69,106,109,118,128,75,51,70,68,78,59,77,52,88,75,70,43,58,32,72,55,81,37,140,84,67,45,50,52,34,91,33,58,74,70,120,75	1,0,1,2,3,2,0,0,0,5,3,3,2,3,3,2,0,3,4,4,3,3,2,2,8,5,1,3,7,3,2,1,1,2,4,7,3,5,1,4,4,3,2,0,5,0,6,2,3	150	75	2,83E-05	0,006654623	0.953,0.735,0.718	0.966,1.0,0.976,0.96,0.903,0.926,1.0,1.0,1.0,0.888,0.924,0.949,0.945,0.946,0.948,0.967,1.0,0.926,0.864,0.897,0.919,0.929,0.937,0.951,0.765,0.898,0.974,0.921,0.754,0.906,0.889,0.973,0.965,0.953,0.822,0.909,0.933,0.87,0.957,0.862,0.867,0.85,0.958,1.0,0.853,1.0,0.854,0.968,0.926	-0,123
329835	ENSG00000198520	ARMH1	False	chr1	+	44724366	44724668	44724121	44724244	44724761	44724839	329835	82,50,61	2,9,12	57,55,82,95,56,51,48,51,100,79,73,112,69,107,110,118,130,75,51,70,68,78,60,79,52,88,75,72,43,58,32,72,55,81,37,140,84,67,45,50,52,34,91,33,58,75,70,120,75	1,0,1,2,3,2,0,0,0,5,3,3,2,3,3,2,0,3,4,4,3,3,2,2,8,5,1,3,7,3,2,1,1,2,4,7,3,5,1,4,4,3,2,0,5,0,6,2,3	150	75	2,87E-05	0,006727019	0.953,0.735,0.718	0.966,1.0,0.976,0.96,0.903,0.927,1.0,1.0,1.0,0.888,0.924,0.949,0.945,0.947,0.948,0.967,1.0,0.926,0.864,0.897,0.919,0.929,0.938,0.952,0.765,0.898,0.974,0.923,0.754,0.906,0.889,0.973,0.965,0.953,0.822,0.909,0.933,0.87,0.957,0.862,0.867,0.85,0.958,1.0,0.853,1.0,0.854,0.968,0.926	-0,124
101104	ENSG00000136717	BIN1	BIN1	chr2	-	127051153	127051243	127050801	127050912	127059010	127059155	101104	52,59,94	58,26,73	118,120,124,100,140,155,123,118,167,157,133,137,69,172,164,120,205,118,69,99,145,103,85,114,92,136,102,194,107,102,128,165,121,158,78,166,103,103,83,111,121,159,111,104,120,117,160,146,177	38,43,44,32,36,33,34,40,47,52,36,62,24,47,49,44,65,47,22,28,32,37,37,38,27,57,43,62,38,33,43,38,30,49,27,61,40,38,26,24,45,33,33,34,20,41,71,52,66	150	75	2,93E-05	0,0068264	0.31,0.532,0.392	0.608,0.583,0.585,0.61,0.66,0.701,0.644,0.596,0.64,0.602,0.649,0.525,0.59,0.647,0.626,0.577,0.612,0.557,0.611,0.639,0.694,0.582,0.535,0.6,0.63,0.544,0.543,0.61,0.585,0.607,0.598,0.685,0.669,0.617,0.591,0.576,0.563,0.575,0.615,0.698,0.573,0.707,0.627,0.605,0.75,0.588,0.53,0.584,0.573	-0,199
193182	ENSG00000129351	ILF3	False	chr19	+	10688549	10688669	10683916	10683970	10689178	10692417	193182	43,49,134	14,20,56	36,18,72,40,30,35,33,42,55,65,22,51,55,36,45,39,84,27,35,42,50,25,30,40,51,31,63,43,31,41,33,24,45,32,42,65,33,36,34,36,47,21,38,50,27,65,57,37,42	15,6,10,2,11,7,14,4,11,17,10,6,15,1,11,5,22,3,7,12,6,7,14,14,14,11,18,6,11,3,5,5,14,2,7,8,11,10,6,9,19,5,5,3,0,10,7,9,10	150	75	2,94E-05	0,006830659	0.606,0.551,0.545	0.545,0.6,0.783,0.909,0.577,0.714,0.541,0.84,0.714,0.657,0.524,0.81,0.647,0.947,0.672,0.796,0.656,0.818,0.714,0.636,0.806,0.641,0.517,0.588,0.646,0.585,0.636,0.782,0.585,0.872,0.767,0.706,0.616,0.889,0.75,0.802,0.6,0.643,0.739,0.667,0.553,0.677,0.792,0.893,1.0,0.765,0.803,0.673,0.677	-0,142
70826	ENSG00000132879	FBXO44	False	chr1	+	11658532	11658628	11658266	11658364	11658735	11658871	70826	11,9,7	20,19,35	25,6,23,11,21,23,18,15,10,28,11,22,14,7,19,14,29,22,8,9,9,15,13,28,11,13,30,8,9,13,10,12,14,11,20,21,9,17,16,15,11,12,16,10,19,32,23,22,20	10,10,15,17,18,25,6,10,16,16,20,16,11,20,14,13,18,14,12,23,17,14,15,21,19,25,14,11,16,14,20,14,22,19,22,10,8,23,11,17,29,10,10,17,7,28,18,13,16	150	75	3,16E-05	0,007243155	0.216,0.191,0.091	0.556,0.231,0.434,0.244,0.368,0.315,0.6,0.429,0.238,0.467,0.216,0.407,0.389,0.149,0.404,0.35,0.446,0.44,0.25,0.164,0.209,0.349,0.302,0.4,0.224,0.206,0.517,0.267,0.22,0.317,0.2,0.3,0.241,0.224,0.312,0.512,0.36,0.27,0.421,0.306,0.159,0.375,0.444,0.227,0.576,0.364,0.39,0.458,0.385	-0,173
134729	ENSG00000145725	PPIP5K2	False	chr5	+	103186319	103186439	103184671	103184744	103190841	103190982	134729	37,32,64	44,70,120	43,44,57,39,40,32,63,55,64,40,40,44,47,32,114,52,91,53,28,59,68,51,52,56,66,88,72,49,46,50,32,62,69,55,55,90,37,60,51,62,60,41,42,39,40,56,54,57,87	37,62,59,39,34,43,59,68,31,54,31,52,58,42,85,42,62,49,36,57,76,47,60,41,77,74,62,47,73,40,34,43,71,49,51,58,65,51,65,62,54,22,32,33,17,92,61,51,50	150	75	3,28E-05	0,007444459	0.296,0.186,0.211	0.368,0.262,0.326,0.333,0.37,0.271,0.348,0.288,0.508,0.27,0.392,0.297,0.288,0.276,0.401,0.382,0.423,0.351,0.28,0.341,0.309,0.352,0.302,0.406,0.3,0.373,0.367,0.343,0.24,0.385,0.32,0.419,0.327,0.359,0.35,0.437,0.222,0.37,0.282,0.333,0.357,0.482,0.396,0.371,0.541,0.233,0.307,0.358,0.465	-0,118
139260	ENSG00000127914	AKAP9	False	chr7	+	92042045	92042186	92040673	92040898	92042667	92042771	139260	70,97,129	14,4,23	81,62,92,97,95,86,104,90,75,120,101,70,100,63,134,75,137,80,50,124,106,78,116,129,95,87,96,123,111,76,52,64,121,105,125,102,78,111,99,100,125,50,84,80,63,122,109,81,114	1,5,3,0,6,5,11,7,6,4,3,4,3,1,4,5,4,10,3,7,11,3,6,8,6,7,5,5,2,4,6,2,8,1,8,7,4,7,6,6,9,6,5,2,4,5,2,4,4	150	75	3,34E-05	0,007547585	0.714,0.924,0.737	0.976,0.861,0.939,1.0,0.888,0.896,0.825,0.865,0.862,0.938,0.944,0.897,0.943,0.969,0.944,0.882,0.945,0.8,0.893,0.899,0.828,0.929,0.906,0.89,0.888,0.861,0.906,0.925,0.965,0.905,0.812,0.941,0.883,0.981,0.887,0.879,0.907,0.888,0.892,0.893,0.874,0.806,0.894,0.952,0.887,0.924,0.965,0.91,0.934	-0,112
12388	ENSG00000104884	ERCC2	ERCC2	chr19	-	45369069	45369147	45368929	45368992	45370132	45370232	12388	61,32,108	10,4,15	49,85,66,87,62,52,67,49,97,93,68,74,57,63,144,88,98,34,37,51,41,64,53,50,59,76,79,68,65,105,69,61,33,76,43,108,86,87,50,63,53,87,109,57,98,67,65,79,53	5,3,3,2,3,5,4,1,7,4,8,6,5,1,5,5,4,2,7,3,4,1,5,8,5,8,2,7,2,5,2,0,2,2,2,5,7,7,6,2,5,5,9,5,1,1,5,5,0	150	75	3,34E-05	0,007553786	0.753,0.8,0.783	0.831,0.934,0.917,0.956,0.912,0.839,0.893,0.961,0.874,0.921,0.81,0.86,0.851,0.969,0.935,0.898,0.925,0.895,0.725,0.895,0.837,0.97,0.841,0.758,0.855,0.826,0.952,0.829,0.942,0.913,0.945,1.0,0.892,0.95,0.915,0.915,0.86,0.861,0.806,0.94,0.841,0.897,0.858,0.851,0.98,0.971,0.867,0.888,1.0	-0,114
245133	ENSG00000092020	PPP2R3C	False	chr14	-	35116727	35116737	35110524	35110629	35121901	35121965	245133	23,28,46	23,20,27	14,6,16,12,11,10,15,8,18,16,13,24,14,4,26,9,11,17,6,19,17,16,25,10,12,14,16,14,15,9,18,20,15,12,12,15,8,8,21,12,11,12,5,18,20,14,21,15,18	12,20,22,15,19,24,25,21,30,30,14,29,29,25,34,28,46,18,7,14,25,22,14,15,21,30,43,26,14,17,14,24,15,24,11,35,25,26,10,20,17,17,14,21,27,28,26,50,30	85	75	3,58E-05	0,007927348	0.469,0.553,0.601	0.507,0.209,0.391,0.414,0.338,0.269,0.346,0.252,0.346,0.32,0.45,0.422,0.299,0.124,0.403,0.221,0.174,0.455,0.431,0.545,0.375,0.391,0.612,0.37,0.335,0.292,0.247,0.322,0.486,0.318,0.531,0.424,0.469,0.306,0.49,0.274,0.22,0.214,0.649,0.346,0.363,0.384,0.24,0.431,0.395,0.306,0.416,0.209,0.346	0,18
153867	ENSG00000167632	TRAPPC9	TRAPPC9	chr8	-	140426614	140426641	140405576	140405698	140439051	140439197	153867	18,7,21	8,9,5	3,11,11,15,14,25,17,18,15,20,24,12,12,13,30,15,25,21,9,16,23,14,14,23,5,17,11,21,16,21,19,15,16,12,10,21,20,10,17,7,11,18,10,11,9,4,22,6,10	0,0,0,2,7,4,2,4,0,0,1,6,0,0,4,0,7,1,3,4,1,0,1,0,0,2,6,4,0,4,0,2,2,1,1,10,2,0,0,1,2,0,1,4,0,0,2,4,4	102	75	3,63E-05	0,008011716	0.623,0.364,0.755	1.0,1.0,1.0,0.847,0.595,0.821,0.862,0.768,1.0,1.0,0.946,0.595,1.0,1.0,0.847,1.0,0.724,0.939,0.688,0.746,0.944,1.0,0.911,1.0,1.0,0.862,0.574,0.794,1.0,0.794,1.0,0.847,0.855,0.898,0.88,0.607,0.88,1.0,1.0,0.837,0.802,1.0,0.88,0.669,1.0,1.0,0.89,0.524,0.648	-0,286
347750	ENSG00000147443	DOK2	False	chr8	-	21911900	21912312	21910672	21910857	21913538	21913690	347750	111,76,176	21,18,19	139,138,159,110,149,150,146,150,190,147,157,146,119,161,143,115,279,134,115,116,127,134,166,139,87,113,137,133,107,109,78,113,95,214,104,225,145,128,101,86,128,78,142,166,137,141,164,157,157	8,3,8,6,7,28,7,18,14,18,6,11,3,1,10,12,14,9,4,9,18,8,11,13,10,5,12,8,15,8,11,12,13,25,12,16,7,3,7,16,28,5,8,7,12,10,10,11,4	150	75	3,77E-05	0,008292373	0.725,0.679,0.822	0.897,0.958,0.909,0.902,0.914,0.728,0.913,0.806,0.872,0.803,0.929,0.869,0.952,0.988,0.877,0.827,0.909,0.882,0.935,0.866,0.779,0.893,0.883,0.842,0.813,0.919,0.851,0.893,0.781,0.872,0.78,0.825,0.785,0.811,0.812,0.875,0.912,0.955,0.878,0.729,0.696,0.886,0.899,0.922,0.851,0.876,0.891,0.877,0.952	-0,125
17520	ENSG00000266967	AARSD1	False	chr17	-	42953723	42953778	42950525	42950728	42954875	42954967	17520	72,60,126	8,10,18	54,67,90,80,98,62,85,75,99,95,61,71,78,78,121,84,97,86,95,98,105,84,109,123,86,83,73,85,75,80,92,51,98,78,77,90,76,79,82,80,74,86,82,109,59,64,81,59,63	2,0,3,3,9,4,7,2,7,4,4,1,4,1,5,3,7,6,13,7,13,4,10,8,6,5,3,2,4,4,8,6,5,4,7,4,7,8,6,4,12,2,4,12,2,5,2,3,2	130	75	3,79E-05	0,00830702	0.839,0.776,0.802	0.94,1.0,0.945,0.939,0.863,0.899,0.875,0.956,0.891,0.932,0.898,0.976,0.918,0.978,0.933,0.942,0.889,0.892,0.808,0.89,0.823,0.924,0.863,0.899,0.892,0.905,0.934,0.961,0.915,0.92,0.869,0.831,0.919,0.918,0.864,0.928,0.862,0.851,0.887,0.92,0.781,0.961,0.922,0.84,0.945,0.881,0.959,0.919,0.948	-0,101
407005	ENSG00000139626	ITGB7	False	chr12	-	53195625	53195647	53195373	53195463	53196040	53196199	407005	63,38,108	17,7,19	89,66,33,72,54,52,78,62,65,82,70,51,36,61,79,52,101,59,39,57,103,38,57,56,40,51,68,69,42,27,54,42,67,75,40,86,41,52,41,39,27,148,32,49,79,19,48,62,57	8,4,6,3,2,0,10,8,6,4,7,3,8,11,7,9,8,6,7,7,9,5,4,5,0,8,2,3,2,3,7,8,4,5,0,11,7,4,10,5,9,9,6,3,7,1,0,2,6	97	75	3,87E-05	0,008448517	0.741,0.808,0.815	0.896,0.927,0.81,0.949,0.954,1.0,0.858,0.857,0.893,0.941,0.885,0.929,0.777,0.811,0.897,0.817,0.907,0.884,0.812,0.863,0.898,0.855,0.917,0.896,1.0,0.831,0.963,0.947,0.942,0.874,0.856,0.802,0.928,0.921,1.0,0.858,0.819,0.91,0.76,0.858,0.699,0.927,0.805,0.927,0.897,0.936,1.0,0.96,0.88	-0,1
347746	ENSG00000147443	DOK2	False	chr8	-	21911900	21911982	21910672	21910857	21913538	21913690	347746	111,76,176	21,18,19	138,137,159,110,149,150,146,149,190,147,156,146,119,160,144,114,279,134,115,116,127,133,166,139,87,113,137,133,108,108,78,111,96,213,104,225,145,128,101,87,127,78,142,166,137,139,164,157,157	8,3,8,6,7,28,7,18,14,18,6,11,3,1,10,12,14,9,4,9,18,8,11,13,10,5,12,8,15,8,11,12,13,25,12,16,7,3,7,16,28,5,8,7,12,10,10,11,4	150	75	3,89E-05	0,008460238	0.725,0.679,0.822	0.896,0.958,0.909,0.902,0.914,0.728,0.913,0.805,0.872,0.803,0.929,0.869,0.952,0.988,0.878,0.826,0.909,0.882,0.935,0.866,0.779,0.893,0.883,0.842,0.813,0.919,0.851,0.893,0.783,0.871,0.78,0.822,0.787,0.81,0.812,0.875,0.912,0.955,0.878,0.731,0.694,0.886,0.899,0.922,0.851,0.874,0.891,0.877,0.952	-0,125
107496	ENSG00000198520	ARMH1	False	chr1	+	44724538	44724668	44724121	44724244	44724761	44724839	107496	89,54,65	2,9,12	58,54,87,96,57,52,48,51,101,82,76,113,69,109,113,119,132,77,52,73,68,80,59,78,54,91,76,72,43,62,34,75,56,81,40,145,87,68,48,52,54,36,95,33,58,75,70,122,75	1,0,1,2,3,2,0,0,0,5,3,3,2,3,3,2,0,3,4,4,3,3,2,2,8,5,1,3,7,3,2,1,1,2,4,7,3,5,1,4,4,3,2,0,5,0,6,2,3	150	75	4,05E-05	0,008757961	0.957,0.75,0.73	0.967,1.0,0.978,0.96,0.905,0.929,1.0,1.0,1.0,0.891,0.927,0.95,0.945,0.948,0.95,0.967,1.0,0.928,0.867,0.901,0.919,0.93,0.937,0.951,0.771,0.901,0.974,0.923,0.754,0.912,0.895,0.974,0.966,0.953,0.833,0.912,0.935,0.872,0.96,0.867,0.871,0.857,0.96,1.0,0.853,1.0,0.854,0.968,0.926	-0,115
232496	ENSG00000168411	RFWD3	False	chr16	-	74630780	74630984	74628451	74628666	74632522	74632733	232496	134,149,214	5,13,16	105,129,105,96,110,102,148,120,169,133,134,131,108,109,153,110,136,127,96,143,146,82,90,130,146,148,105,149,136,87,77,90,111,102,100,166,103,109,131,139,111,97,121,83,96,123,120,112,106	29,10,20,23,24,21,18,26,7,10,6,2,29,11,20,23,22,12,20,4,20,37,39,5,18,2,34,2,8,23,20,3,37,19,19,28,5,18,5,36,31,15,18,37,20,14,24,16,9	150	75	4,07E-05	0,008793274	0.931,0.851,0.87	0.644,0.866,0.724,0.676,0.696,0.708,0.804,0.698,0.923,0.869,0.918,0.97,0.651,0.832,0.793,0.705,0.756,0.841,0.706,0.947,0.785,0.526,0.536,0.929,0.802,0.974,0.607,0.974,0.895,0.654,0.658,0.938,0.6,0.729,0.725,0.748,0.912,0.752,0.929,0.659,0.642,0.764,0.771,0.529,0.706,0.815,0.714,0.778,0.855	0,116
232495	ENSG00000168411	RFWD3	False	chr16	-	74630780	74630932	74628451	74628666	74632522	74632733	232495	134,148,214	5,13,16	105,129,105,96,110,102,148,120,169,133,134,131,108,109,153,110,136,127,96,143,146,82,89,133,145,147,105,149,136,87,77,90,111,102,100,165,103,109,130,139,111,97,121,83,96,123,120,112,106	29,10,20,23,24,21,18,26,7,10,6,2,29,11,20,23,22,12,20,4,20,37,39,5,18,2,34,2,8,23,20,3,37,19,19,28,5,18,5,36,31,15,18,37,20,14,24,16,9	150	75	4,34E-05	0,009214851	0.931,0.851,0.87	0.644,0.866,0.724,0.676,0.696,0.708,0.804,0.698,0.923,0.869,0.918,0.97,0.651,0.832,0.793,0.705,0.756,0.841,0.706,0.947,0.785,0.526,0.533,0.93,0.801,0.974,0.607,0.974,0.895,0.654,0.658,0.938,0.6,0.729,0.725,0.747,0.912,0.752,0.929,0.659,0.642,0.764,0.771,0.529,0.706,0.815,0.714,0.778,0.855	0,116
11000	ENSG00000197586	ENTPD6	False	chr20	+	25207075	25207397	25195692	25195867	25209848	25209925	11000	47,53,82	25,18,31	59,59,67,82,64,62,82,33,48,64,47,66,80,58,93,78,97,89,66,71,80,76,57,78,60,68,61,87,76,67,73,43,70,72,61,97,60,57,50,83,71,54,56,46,55,76,74,59,50	13,13,15,21,20,11,6,15,14,27,20,20,18,13,16,9,27,9,8,8,15,10,5,9,14,21,9,11,21,4,14,8,9,12,12,17,21,14,12,25,14,7,10,9,10,18,15,15,9	150	75	4,57E-05	0,009664065	0.485,0.596,0.569	0.694,0.694,0.691,0.661,0.615,0.738,0.872,0.524,0.632,0.542,0.54,0.623,0.69,0.69,0.744,0.812,0.642,0.832,0.805,0.816,0.727,0.792,0.851,0.812,0.682,0.618,0.772,0.798,0.644,0.893,0.723,0.729,0.795,0.75,0.718,0.74,0.588,0.671,0.676,0.624,0.717,0.794,0.737,0.719,0.733,0.679,0.712,0.663,0.735	-0,163
337635	ENSG00000065802	ASB1	False	chr2	+	238435710	238436161	238433313	238433695	238444341	238444727	337635	46,38,67	12,13,29	52,43,49,54,41,47,53,45,72,52,45,67,41,47,54,43,69,44,41,52,47,64,59,56,35,62,75,52,74,43,30,37,51,40,35,82,50,57,45,51,67,57,52,46,42,51,41,56,35	7,9,10,14,5,7,7,6,7,10,5,10,14,4,13,6,8,13,15,2,8,9,8,13,6,11,8,14,6,7,11,4,6,9,6,12,5,14,3,11,7,4,2,7,8,16,8,8,5	150	75	4,58E-05	0,009664065	0.657,0.594,0.536	0.788,0.705,0.71,0.659,0.804,0.77,0.791,0.789,0.837,0.722,0.818,0.77,0.594,0.855,0.675,0.782,0.812,0.629,0.577,0.929,0.746,0.78,0.787,0.683,0.745,0.738,0.824,0.65,0.86,0.754,0.577,0.822,0.81,0.69,0.745,0.774,0.833,0.671,0.882,0.699,0.827,0.877,0.929,0.767,0.724,0.614,0.719,0.778,0.778	-0,161
426511	ENSG00000204482	LST1	False	chr6	+	31587943	31588014	31587053	31587318	31588517	31588909	426511	6,9,8	8,20,18	2,8,3,4,1,2,6,1,3,1,1,7,2,10,9,0,3,4,3,2,1,0,3,2,8,6,10,3,0,0,3,4,6,6,1,5,5,2,1,1,4,8,3,7,5,1,2,5,6	39,22,16,20,3,8,41,26,10,13,18,27,6,42,51,11,29,11,29,10,12,9,20,14,13,41,12,13,9,6,16,21,21,21,17,51,24,8,14,9,19,41,16,15,13,13,16,15,15	146	75	4,60E-05	0,009701722	0.278,0.188,0.186	0.026,0.157,0.088,0.093,0.146,0.114,0.07,0.019,0.134,0.038,0.028,0.118,0.146,0.109,0.083,0.0,0.05,0.157,0.05,0.093,0.041,0.0,0.072,0.068,0.24,0.07,0.3,0.106,0.0,0.0,0.088,0.089,0.128,0.128,0.029,0.048,0.097,0.114,0.035,0.054,0.098,0.091,0.088,0.193,0.165,0.038,0.06,0.146,0.17	0,126
398434	ENSG00000148484	RSU1	False	chr10	-	16817024	16817084	16782033	16782084	16817314	16817424	398434	61,47,125	47,34,85	100,82,94,70,69,80,61,101,125,65,94,128,90,77,139,112,125,90,91,82,95,57,67,109,110,96,96,91,60,86,80,85,66,95,73,128,91,88,75,98,139,89,67,98,107,94,99,100,90	28,38,48,38,54,35,53,43,34,43,23,45,45,38,68,29,55,37,36,39,23,34,52,48,39,48,34,27,26,46,37,32,37,60,34,64,23,33,33,37,38,35,43,43,19,46,58,37,19	135	75	4,64E-05	0,009780287	0.419,0.434,0.45	0.665,0.545,0.521,0.506,0.415,0.559,0.39,0.566,0.671,0.456,0.694,0.612,0.526,0.53,0.532,0.682,0.558,0.575,0.584,0.539,0.696,0.482,0.417,0.558,0.61,0.526,0.611,0.652,0.562,0.509,0.546,0.596,0.498,0.468,0.544,0.526,0.687,0.597,0.558,0.595,0.67,0.586,0.464,0.559,0.758,0.532,0.487,0.6,0.725	-0,132
359396	ENSG00000137404	NRM	False	chr6	-	30690024	30690148	30688046	30688942	30690841	30691281	359396	10,9,2	18,7,7	3,3,1,2,2,3,3,2,5,0,0,0,3,2,5,3,1,1,0,3,6,2,1,2,4,0,1,3,0,5,4,1,0,1,5,3,4,4,1,2,2,3,4,0,2,1,2,1,2	3,10,13,6,6,7,12,10,14,7,7,10,8,6,6,10,10,6,9,14,11,5,8,8,7,8,9,4,5,4,8,8,6,3,5,15,9,8,7,6,12,7,10,1,8,12,11,7,4	150	75	4,67E-05	0,009838	0.217,0.391,0.125	0.333,0.13,0.037,0.143,0.143,0.176,0.111,0.091,0.152,0.0,0.0,0.0,0.158,0.143,0.294,0.13,0.048,0.077,0.0,0.097,0.214,0.167,0.059,0.111,0.222,0.0,0.053,0.273,0.0,0.385,0.2,0.059,0.0,0.143,0.333,0.091,0.182,0.2,0.067,0.143,0.077,0.176,0.167,0.0,0.111,0.04,0.083,0.067,0.2	0,12
